role,requirement_id,expected_text,actual_text,traceable,result,errors,source,coverage_status,validation_status
CS,R-0247D1BC923B,"Employees must acknowledge the current handbook within 1 working day of joining. If access is unavailable, HR records the outage and obtains a supervised paper acknowledgement within the same period.","Employees must acknowledge the current handbook within 1 working day of joining. If access is unavailable, HR records the outage and obtains a supervised paper acknowledgement within the same period.",True,Match,,a30d6e8951e441a993e8caf97aac6c92/p1-4.1,Covered,Review required
CS,R-00D790D2F6DF,"Employees must notify the manager as soon as reasonably possible when an emergency prevents attendance. Where the employee cannot communicate, HR must accept notification from a nominated contact and record the circumstances.","Employees must notify the manager as soon as reasonably possible when an emergency prevents attendance. Where the employee cannot communicate, HR must accept notification from a nominated contact and record the circumstances.",True,Match,,8fdf130200824965a79733d30e4c06f9/p1-4.3,Covered,Review required
CS,R-026FDABD5735,"Managers must review employee readiness by the end of the first 30 calendar days and document remaining gaps, supervised-work limits and follow-up dates.","Managers must review employee readiness by the end of the first 30 calendar days and document remaining gaps, supervised-work limits and follow-up dates.",True,Match,,8befbcac4db04e0a8e829c57dcdd2170/p2-4.7,Covered,Review required
CS,R-01A5ED733FCA,Record owners are encouraged to review archive searchability quarterly and propose improvements to naming or indexing.,Record owners are encouraged to review archive searchability quarterly and propose improvements to naming or indexing.,True,Match,,8a073cad84ed4b08a2f7cef3f4db050b/p2-4.8,Covered,Review required
CS,R-02E88985DB7B,Employees must store operational evidence in the approved case or document repository. A local copy must not become the sole record of a decision or transaction.,Employees must store operational evidence in the approved case or document repository. A local copy must not become the sole record of a decision or transaction.,True,Match,,8a073cad84ed4b08a2f7cef3f4db050b/p1-4.3,Covered,Review required
CS,R-06A38872D72D,Employees must stop an unintended transfer where possible and report suspected disclosure through POL-09 immediately. They must preserve evidence and must not conceal or silently delete the incident history.,Employees must stop an unintended transfer where possible and report suspected disclosure through POL-09 immediately. They must preserve evidence and must not conceal or silently delete the incident history.,True,Match,,29ae0ea0fd4848979e33a622147640f9/p2-4.7,Covered,Review required
CS,R-08FF3809E4D8,"Employees must communicate respectfully and must not harass, threaten or discriminate against another person. A witness must report concerns through the confidential HR channel without circulating the allegation to colleagues.","Employees must communicate respectfully and must not harass, threaten or discriminate against another person. A witness must report concerns through the confidential HR channel without circulating the allegation to colleagues.",True,Match,,73e1b29a357c41259bbdcc11a0632fa6/p1-4.2,Covered,Review required
CS,R-09ED55951BF3,Employees must score at least 80 percent on mandatory knowledge assessments. A failed attempt requires targeted revision and another attempt; the original result must remain recorded.,Employees must score at least 80 percent on mandatory knowledge assessments. A failed attempt requires targeted revision and another attempt; the original result must remain recorded.,True,Match,,8befbcac4db04e0a8e829c57dcdd2170/p1-4.4,Covered,Review required
CS,R-0A5D19127D72,Employees must request correction of an inaccurate attendance entry within 2 working days of discovering it. HR must retain the original value and the evidence supporting correction.,Employees must request correction of an inaccurate attendance entry within 2 working days of discovering it. HR must retain the original value and the evidence supporting correction.,True,Match,,8fdf130200824965a79733d30e4c06f9/p2-4.5,Covered,Review required
CS,R-0AB9BB1F1147,Document owners must link each revision to the superseded version and identify changed sections. Employees must use the version effective on the date of the activity; historical copies remain available for audit.,Document owners must link each revision to the superseded version and identify changed sections. Employees must use the version effective on the date of the activity; historical copies remain available for audit.,True,Match,,a30d6e8951e441a993e8caf97aac6c92/p1-4.4,Covered,Review required
CS,R-0EFA01E01C84,The duty Operations Manager must appoint an incident lead and record the handover. IT leads technical containment while the incident lead coordinates business decisions and communications.,The duty Operations Manager must appoint an incident lead and record the handover. IT leads technical containment while the incident lead coordinates business decisions and communications.,True,Match,,5a6b00e4d96e4e7084b19fbabc414bc2/p1-4.4,Covered,Review required
CS,R-15C4487260AD,Employees must delete approved temporary customer-data exports within 24 elapsed hours after the approved task ends. A documented preservation hold suspends deletion only for the records identified in that hold.,Employees must delete approved temporary customer-data exports within 24 elapsed hours after the approved task ends. A documented preservation hold suspends deletion only for the records identified in that hold.,True,Match,,29ae0ea0fd4848979e33a622147640f9/p1-4.1,Covered,Review required
CS,R-16B26D69B2E7,Employees must complete the relevant prerequisite training before independently performing restricted tasks. A manager may arrange supervised practice but must not mark an unmet prerequisite complete.,Employees must complete the relevant prerequisite training before independently performing restricted tasks. A manager may arrange supervised practice but must not mark an unmet prerequisite complete.,True,Match,,a30d6e8951e441a993e8caf97aac6c92/p2-4.6,Covered,Review required
CS,R-172546FABD6A,Employees must assess parcel weight and route before lifting and must request approved handling assistance when the posted safe-handling limit is exceeded. They must not invent a universal weight limit where a task assessment is required.,Employees must assess parcel weight and route before lifting and must request approved handling assistance when the posted safe-handling limit is exceeded. They must not invent a universal weight limit where a task assessment is required.,True,Match,,727e0064e34d4dae893833f832bc8b10/p2-4.6,Covered,Review required
CS,R-1796405D6767,Employees must demonstrate the critical steps of a role task to an authorized assessor before independent work. A numerical score cannot compensate for a failed safety or privacy critical step.,Employees must demonstrate the critical steps of a role task to an authorized assessor before independent work. A numerical score cannot compensate for a failed safety or privacy critical step.,True,Match,,8befbcac4db04e0a8e829c57dcdd2170/p2-4.5,Covered,Review required
CS,R-1A6CB1F5CDC8,"The Customer Support Executive must record the resolution, supporting evidence and customer notification before closure. Lack of customer response alone must not be recorded as successful delivery.","The Customer Support Executive must record the resolution, supporting evidence and customer notification before closure. Lack of customer response alone must not be recorded as successful delivery.",True,Match,,bd23adc3b76e4d999288f631d482a895/p2-4.7,Covered,Review required
CS,R-20D520DA4A8A,Employees must verify the requester using the approved workflow before disclosing shipment details. A shipment number alone does not authorize disclosure of the recipient address or contact details.,Employees must verify the requester using the approved workflow before disclosing shipment details. A shipment number alone does not authorize disclosure of the recipient address or contact details.,True,Match,,29ae0ea0fd4848979e33a622147640f9/p1-4.3,Covered,Review required
CS,R-21F568318B33,Employees are encouraged to discuss routine process frustrations privately with their manager and suggest a specific improvement supported by an example.,Employees are encouraged to discuss routine process frustrations privately with their manager and suggest a specific improvement supported by an example.,True,Match,,73e1b29a357c41259bbdcc11a0632fa6/p2-4.8,Covered,Review required
CS,R-239FAF9F2EB5,"Document owners must record document ID, owner, version, approval role and effective date before release. An unapproved draft must not be used to assign mandatory training.","Document owners must record document ID, owner, version, approval role and effective date before release. An unapproved draft must not be used to assign mandatory training.",True,Match,,a30d6e8951e441a993e8caf97aac6c92/p1-4.3,Covered,Review required
CS,R-2A86AFDA4BA8,Employees must use only the approved numbered fallback forms or controlled offline register during an outage. Personal notebooks and unapproved messaging groups must not hold customer records.,Employees must use only the approved numbered fallback forms or controlled offline register during an outage. Personal notebooks and unapproved messaging groups must not hold customer records.,True,Match,,fbf2b8d8ccbf4468aaf55fce005135f5/p1-4.3,Covered,Review required
CS,R-3B5E854DD9C6,"The Customer Support Executive must open a case for each new enquiry, record the shipment ID and classify the issue before advising the customer. Related follow-ups must link to the existing case.","The Customer Support Executive must open a case for each new enquiry, record the shipment ID and classify the issue before advising the customer. Related follow-ups must link to the existing case.",True,Match,,bd23adc3b76e4d999288f631d482a895/p1-4.1,Covered,Review required
CS,R-4105856ED949,"Employees must report suspicious links, attachments or unexpected authentication requests to IT without opening them. If already opened, the employee must report the action and follow the incident process in POL-09.","Employees must report suspicious links, attachments or unexpected authentication requests to IT without opening them. If already opened, the employee must report the action and follow the incident process in POL-09.",True,Match,,a74212e00516450eb8f093cdf4ba9261/p2-4.5,Covered,Review required
CS,R-416209DCE36D,Employees must lock an unattended workstation immediately and configure automatic locking after no more than 5 minutes of inactivity. Shared warehouse terminals follow the same limit.,Employees must lock an unattended workstation immediately and configure automatic locking after no more than 5 minutes of inactivity. Shared warehouse terminals follow the same limit.,True,Match,,a74212e00516450eb8f093cdf4ba9261/p1-4.1,Covered,Review required
CS,R-460EAA2B4275,"Only the duty Operations Manager may activate the continuity procedure after assessing service impact. If immediate danger exists, employees must take the safety actions in POL-08 without waiting for activation.","Only the duty Operations Manager may activate the continuity procedure after assessing service impact. If immediate danger exists, employees must take the safety actions in POL-08 without waiting for activation.",True,Match,,fbf2b8d8ccbf4468aaf55fce005135f5/p1-4.2,Covered,Review required
CS,R-4A2C5688825E,Employees must submit a planned absence request at least 3 working days before the proposed start. The manager may approve shorter notice only after recording a coverage arrangement.,Employees must submit a planned absence request at least 3 working days before the proposed start. The manager may approve shorter notice only after recording a coverage arrangement.,True,Match,,8fdf130200824965a79733d30e4c06f9/p1-4.1,Covered,Review required
CS,R-4A6727C8C054,Managers must not disadvantage a person for raising a good-faith concern or participating in an investigation. Any alleged retaliation must be referred to the Managing Director.,Managers must not disadvantage a person for raising a good-faith concern or participating in an investigation. Any alleged retaliation must be referred to the Managing Director.,True,Match,,73e1b29a357c41259bbdcc11a0632fa6/p2-4.6,Covered,Review required
CS,R-4C4FDAD22DCE,Employees must stop work and use the signed evacuation route when the alarm sounds. They must report to the assembly point and must not re-enter until the incident lead authorizes it.,Employees must stop work and use the signed evacuation route when the alarm sounds. They must report to the assembly point and must not re-enter until the incident lead authorizes it.,True,Match,,727e0064e34d4dae893833f832bc8b10/p1-4.2,Covered,Review required
CS,R-50AFD826669E,"Employees hosting a visitor must arrange registration, a visible visitor pass and an escort in restricted areas. Visitors must not use employee access credentials.","Employees hosting a visitor must arrange registration, a visible visitor pass and an escort in restricted areas. Visitors must not use employee access credentials.",True,Match,,727e0064e34d4dae893833f832bc8b10/p2-4.5,Covered,Review required
CS,R-521A7E7E5CE2,"Employees must log access, correction or deletion requests and refer them to the Operations Manager on the same working day. Employees must not promise deletion before checking preservation requirements.","Employees must log access, correction or deletion requests and refer them to the Operations Manager on the same working day. Employees must not promise deletion before checking preservation requirements.",True,Match,,29ae0ea0fd4848979e33a622147640f9/p2-4.6,Covered,Review required
CS,R-54140A92ACBD,"Employees must record only shipment ID, action, time and assigned operator in the fallback register. Additional personal data requires explicit incident-lead approval and privacy controls.","Employees must record only shipment ID, action, time and assigned operator in the fallback register. Additional personal data requires explicit incident-lead approval and privacy controls.",True,Match,,fbf2b8d8ccbf4468aaf55fce005135f5/p1-4.4,Covered,Review required
CS,R-541FB3AC9BE0,Employees are encouraged to complete optional phishing simulations and discuss the warning signs with IT after the exercise.,Employees are encouraged to complete optional phishing simulations and discuss the warning signs with IT after the exercise.,True,Match,,a74212e00516450eb8f093cdf4ba9261/p2-4.8,Covered,Review required
CS,R-56209CC63AA4,Employees must not operate powered warehouse equipment without documented authorization and task-specific training. Observing another operator does not grant authorization.,Employees must not operate powered warehouse equipment without documented authorization and task-specific training. Observing another operator does not grant authorization.,True,Match,,727e0064e34d4dae893833f832bc8b10/p1-4.3,Covered,Review required
CS,R-5C483711F6BE,"HR must retain onboarding acknowledgements, assessment attempts and readiness decisions for 24 months after the employee leaves the company, unless a preservation hold applies.","HR must retain onboarding acknowledgements, assessment attempts and readiness decisions for 24 months after the employee leaves the company, unless a preservation hold applies.",True,Match,,8a073cad84ed4b08a2f7cef3f4db050b/p1-4.2,Covered,Review required
CS,R-62750DC24AD9,Employees must use company-managed devices or an explicitly approved device profile to access restricted data. Personal storage services must not receive company files.,Employees must use company-managed devices or an explicitly approved device profile to access restricted data. Personal storage services must not receive company files.,True,Match,,a74212e00516450eb8f093cdf4ba9261/p1-4.4,Covered,Review required
CS,R-6333B99CFAF1,"Employees must transfer open tasks, critical deadlines and escalation contacts to the designated cover before planned absence. Customer personal data must remain in approved systems.","Employees must transfer open tasks, critical deadlines and escalation contacts to the designated cover before planned absence. Customer personal data must remain in approved systems.",True,Match,,8fdf130200824965a79733d30e4c06f9/p1-4.4,Covered,Review required
CS,R-63363D5F1647,"Employees may propose a simpler fallback step after a rehearsal, provided the proposal preserves privacy, traceability and independent approval.","Employees may propose a simpler fallback step after a rehearsal, provided the proposal preserves privacy, traceability and independent approval.",True,Match,,fbf2b8d8ccbf4468aaf55fce005135f5/p2-4.8,Covered,Review required
CS,R-65621E95FCDC,"Employees must declare any offered gift valued above PKR 1,000 to HR before accepting it. Cash and cash-equivalent gifts are prohibited at any value; splitting a gift does not avoid this rule.","Employees must declare any offered gift valued above PKR 1,000 to HR before accepting it. Cash and cash-equivalent gifts are prohibited at any value; splitting a gift does not avoid this rule.",True,Match,,73e1b29a357c41259bbdcc11a0632fa6/p1-4.1,Covered,Review required
CS,R-67BE00C0C731,"Assigned record owners must reconcile fallback entries within 1 working day of restoration, resolve mismatches and dispose of temporary copies according to POL-06 and POL-07.","Assigned record owners must reconcile fallback entries within 1 working day of restoration, resolve mismatches and dispose of temporary copies according to POL-06 and POL-07.",True,Match,,fbf2b8d8ccbf4468aaf55fce005135f5/p2-4.7,Covered,Review required
CS,R-6A27F9B64A77,Employees must use fictional or irreversibly anonymized customer examples in training and demonstrations. Replacing a name alone does not anonymize a record containing a real telephone number or address.,Employees must use fictional or irreversibly anonymized customer examples in training and demonstrations. Replacing a name alone does not anonymize a record containing a real telephone number or address.,True,Match,,29ae0ea0fd4848979e33a622147640f9/p2-4.5,Covered,Review required
CS,R-6A3FEC3360F4,The Customer Support Executive must acknowledge a complaint within 2 working hours of receipt and provide the case reference and next update time. Critical incidents follow POL-09 instead of this routine target.,The Customer Support Executive must acknowledge a complaint within 2 working hours of receipt and provide the case reference and next update time. Critical incidents follow POL-09 instead of this routine target.,True,Match,,bd23adc3b76e4d999288f631d482a895/p1-4.4,Covered,Review required
CS,R-6A4D4713C188,Employees must obtain Managing Director approval before representing the company publicly or publishing customer-related material. Personal accounts must not disclose internal records.,Employees must obtain Managing Director approval before representing the company publicly or publishing customer-related material. Personal accounts must not disclose internal records.,True,Match,,73e1b29a357c41259bbdcc11a0632fa6/p2-4.7,Covered,Review required
CS,R-6AF4B1D576E8,"Employees must record actual events and must not fabricate delivery attempts, training completion, assessment results or approvals. Corrections must retain the original entry and the reason for amendment.","Employees must record actual events and must not fabricate delivery attempts, training completion, assessment results or approvals. Corrections must retain the original entry and the reason for amendment.",True,Match,,73e1b29a357c41259bbdcc11a0632fa6/p1-4.4,Covered,Review required
CS,R-77EA0AF82AE6,"Responders must preserve relevant logs, messages and event identifiers without modifying originals. Evidence access must be restricted to the response team and a preservation hold applied where necessary.","Responders must preserve relevant logs, messages and event identifiers without modifying originals. Evidence access must be restricted to the response team and a preservation hold applied where necessary.",True,Match,,5a6b00e4d96e4e7084b19fbabc414bc2/p2-4.5,Covered,Review required
CS,R-788101420862,"Employees must use the confidential HR channel to report misconduct. If the concern involves HR, the report must go directly to the Managing Director.","Employees must use the confidential HR channel to report misconduct. If the concern involves HR, the report must go directly to the Managing Director.",True,Match,,73e1b29a357c41259bbdcc11a0632fa6/p2-4.5,Covered,Review required
CS,R-796BDA01E379,"Employees must obtain recorded approval before taking planned leave. Submission alone is not approval, and employees must not approve their own request.","Employees must obtain recorded approval before taking planned leave. Submission alone is not approval, and employees must not approve their own request.",True,Match,,8fdf130200824965a79733d30e4c06f9/p1-4.2,Covered,Review required
CS,R-7ABC2572F614,Employees may select an optional development topic after agreeing the time allocation with their manager; optional learning must not delay mandatory training.,Employees may select an optional development topic after agreeing the time allocation with their manager; optional learning must not delay mandatory training.,True,Match,,8befbcac4db04e0a8e829c57dcdd2170/p2-4.8,Covered,Review required
CS,R-80EBF00AEAAB,Employees must transfer personal data only through approved company systems to authorized recipients. Personal messaging accounts and publicly accessible links are prohibited.,Employees must transfer personal data only through approved company systems to authorized recipients. Personal messaging accounts and publicly accessible links are prohibited.,True,Match,,29ae0ea0fd4848979e33a622147640f9/p1-4.4,Covered,Review required
CS,R-856AAFA35458,Record owners must retain routine delivery-event records for 180 calendar days after case closure. A documented preservation hold overrides routine deletion until the hold is formally released.,Record owners must retain routine delivery-event records for 180 calendar days after case closure. A documented preservation hold overrides routine deletion until the hold is formally released.,True,Match,,8a073cad84ed4b08a2f7cef3f4db050b/p1-4.1,Covered,Review required
CS,R-8BA18FD38761,Employees must refer records with no applicable retention category to the Operations Manager before deletion. They must not infer a deadline from an unrelated record type.,Employees must refer records with no applicable retention category to the Operations Manager before deletion. They must not infer a deadline from an unrelated record type.,True,Match,,8a073cad84ed4b08a2f7cef3f4db050b/p2-4.7,Covered,Review required
CS,R-8F2800010EB4,Teams are encouraged to rehearse one incident scenario each month and document a specific improvement to the response procedure.,Teams are encouraged to rehearse one incident scenario each month and document a specific improvement to the response procedure.,True,Match,,5a6b00e4d96e4e7084b19fbabc414bc2/p2-4.8,Covered,Review required
CS,R-90FF05CBE79C,"HR must assign an onboarding plan based on role, experience, location and applicable requirements. Prior experience may change practice difficulty but must not remove mandatory acknowledgements.","HR must assign an onboarding plan based on role, experience, location and applicable requirements. Prior experience may change practice difficulty but must not remove mandatory acknowledgements.",True,Match,,8befbcac4db04e0a8e829c57dcdd2170/p1-4.2,Covered,Review required
CS,R-921011B44D9A,Employees must access and collect only the customer fields needed for an assigned task. Full identity documents must not be requested for routine parcel tracking.,Employees must access and collect only the customer fields needed for an assigned task. Full identity documents must not be requested for routine parcel tracking.,True,Match,,29ae0ea0fd4848979e33a622147640f9/p1-4.2,Covered,Review required
CS,R-9219901BB6BC,"The first available responder must create an incident record containing observed facts, discovery time, affected services and initial actions. Speculation must be labelled and credentials must be excluded.","The first available responder must create an incident record containing observed facts, discovery time, affected services and initial actions. Speculation must be labelled and credentials must be excluded.",True,Match,,5a6b00e4d96e4e7084b19fbabc414bc2/p1-4.3,Covered,Review required
CS,R-97784A35A8C5,"During an activated continuity event, the incident lead must issue an internal status checkpoint at least every 30 elapsed minutes until normal service resumes. A checkpoint must state current impact, owner and next update time.","During an activated continuity event, the incident lead must issue an internal status checkpoint at least every 30 elapsed minutes until normal service resumes. A checkpoint must state current impact, owner and next update time.",True,Match,,fbf2b8d8ccbf4468aaf55fce005135f5/p1-4.1,Covered,Review required
CS,R-9DDB4F577CF4,"Record owners must correct errors through an auditable amendment recording author, time and reason. Original transaction values must not be overwritten without history.","Record owners must correct errors through an auditable amendment recording author, time and reason. Original transaction values must not be overwritten without history.",True,Match,,8a073cad84ed4b08a2f7cef3f4db050b/p1-4.4,Covered,Review required
CS,R-A58C9C4E3A41,Employees must pause the affected activity and ask the document owner when two equally authoritative instructions conflict or a necessary limit is missing. The owner must record the resolution before work resumes.,Employees must pause the affected activity and ask the document owner when two equally authoritative instructions conflict or a necessary limit is missing. The owner must record the resolution before work resumes.,True,Match,,a30d6e8951e441a993e8caf97aac6c92/p2-4.7,Covered,Review required
CS,R-A9DAFEDE9F59,"Employees must activate multifactor authentication before accessing email, remote access or systems holding customer records. IT must provide an approved recovery method rather than disabling the requirement.","Employees must activate multifactor authentication before accessing email, remote access or systems holding customer records. IT must provide an approved recovery method rather than disabling the requirement.",True,Match,,a74212e00516450eb8f093cdf4ba9261/p1-4.3,Covered,Review required
CS,R-A93A8597F48D,"Managers must confirm required operational coverage before approving concurrent absences. If coverage cannot be arranged, the manager must record the reason and discuss alternative dates.","Managers must confirm required operational coverage before approving concurrent absences. If coverage cannot be arranged, the manager must record the reason and discuss alternative dates.",True,Match,,8fdf130200824965a79733d30e4c06f9/p2-4.6,Covered,Review required
CS,R-ABF97164BFCF,"Record owners must use approved disposal methods and retain a disposal log identifying category, date range, authorization and completion date. Disposal must not expose readable personal data.","Record owners must use approved disposal methods and retain a disposal log identifying category, date range, authorization and completion date. Disposal must not expose readable personal data.",True,Match,,8a073cad84ed4b08a2f7cef3f4db050b/p2-4.6,Covered,Review required
CS,R-A79CA2D2BCA4,Employees are encouraged to discuss anticipated leave early so teams can plan coverage before a formal request is submitted.,Employees are encouraged to discuss anticipated leave early so teams can plan coverage before a formal request is submitted.,True,Match,,8fdf130200824965a79733d30e4c06f9/p2-4.8,Covered,Review required
CS,R-AE0187016E1F,"Employees must disclose a personal or financial relationship with a merchant or supplier before participating in its selection, payment or complaint decision. The manager must assign an independent decision-maker.","Employees must disclose a personal or financial relationship with a merchant or supplier before participating in its selection, payment or complaint decision. The manager must assign an independent decision-maker.",True,Match,,73e1b29a357c41259bbdcc11a0632fa6/p1-4.3,Covered,Review required
CS,R-AF557844A044,"The Customer Support Executive must complete approved requester verification before disclosing protected shipment details, following POL-06. A failed verification permits only general public guidance.","The Customer Support Executive must complete approved requester verification before disclosing protected shipment details, following POL-06. A failed verification permits only general public guidance.",True,Match,,bd23adc3b76e4d999288f631d482a895/p1-4.2,Covered,Review required
CS,R-B491BB779BFC,Employees are encouraged to suggest improvements to workstation layout or parcel movement after discussing them with the supervisor.,Employees are encouraged to suggest improvements to workstation layout or parcel movement after discussing them with the supervisor.,True,Match,,727e0064e34d4dae893833f832bc8b10/p2-4.8,Covered,Review required
CS,R-C0183A0DD53E,Reviewers must verify required evidence before recording completion. Reading a module alone does not demonstrate practical competence or substitute for a required policy acknowledgement.,Reviewers must verify required evidence before recording completion. Reading a module alone does not demonstrate practical competence or substitute for a required policy acknowledgement.,True,Match,,8befbcac4db04e0a8e829c57dcdd2170/p2-4.6,Covered,Review required
CS,R-C536107E2F1C,Employees must record near misses even when no injury or damage occurs. The supervisor must assign a corrective action owner and verify completion.,Employees must record near misses even when no injury or damage occurs. The supervisor must assign a corrective action owner and verify completion.,True,Match,,727e0064e34d4dae893833f832bc8b10/p2-4.7,Covered,Review required
CS,R-CACCDCA035FC,"HR must record each employee role, department, joining date and reporting manager before assigning onboarding. A temporary role change requires a recorded start date, end date and additional requirements.","HR must record each employee role, department, joining date and reporting manager before assigning onboarding. A temporary role change requires a recorded start date, end date and additional requirements.",True,Match,,a30d6e8951e441a993e8caf97aac6c92/p2-4.5,Covered,Review required
CS,R-CE1743B2E849,The Customer Support Executive must check the latest recorded shipment event and applicable SOP before promising a next step. Missing tracking information must be described as unconfirmed.,The Customer Support Executive must check the latest recorded shipment event and applicable SOP before promising a next step. Missing tracking information must be described as unconfirmed.,True,Match,,bd23adc3b76e4d999288f631d482a895/p1-4.3,Covered,Review required
CS,R-D1ACEA25E7B8,The incident lead must obtain an IT health check and an operational sample check before declaring normal service restored. A login screen alone is not evidence of end-to-end recovery.,The incident lead must obtain an IT health check and an operational sample check before declaring normal service restored. A login screen alone is not evidence of end-to-end recovery.,True,Match,,fbf2b8d8ccbf4468aaf55fce005135f5/p2-4.6,Covered,Review required
CS,R-D2368CFD2806,Employees must obtain IT approval before installing software or browser extensions on company devices. IT must verify business purpose and permitted access before approval.,Employees must obtain IT approval before installing software or browser extensions on company devices. IT must verify business purpose and permitted access before approval.,True,Match,,a74212e00516450eb8f093cdf4ba9261/p2-4.6,Covered,Review required
CS,R-D460F8370B7B,Employees entering marked warehouse handling zones must wear the posted protective equipment. The supervisor must stop the task if suitable equipment is unavailable.,Employees entering marked warehouse handling zones must wear the posted protective equipment. The supervisor must stop the task if suitable equipment is unavailable.,True,Match,,727e0064e34d4dae893833f832bc8b10/p1-4.4,Covered,Review required
CS,R-D54B4FB02C92,"The Customer Support Executive may propose an FAQ clarification after identifying repeated confusion, subject to owner review before publication.","The Customer Support Executive may propose an FAQ clarification after identifying repeated confusion, subject to owner review before publication.",True,Match,,bd23adc3b76e4d999288f631d482a895/p2-4.8,Covered,Review required
CS,R-D61B18CC5452,"Employees must store API keys and service credentials only in approved secret storage and must not include them in source repositories, screenshots, training examples or support tickets.","Employees must store API keys and service credentials only in approved secret storage and must not include them in source repositories, screenshots, training examples or support tickets.",True,Match,,a74212e00516450eb8f093cdf4ba9261/p2-4.7,Covered,Review required
CS,R-DCBEFFCDEA97,Only the incident lead or a designated spokesperson may issue incident updates to merchants or customers. Updates must distinguish confirmed impact from investigation assumptions.,Only the incident lead or a designated spokesperson may issue incident updates to merchants or customers. Updates must distinguish confirmed impact from investigation assumptions.,True,Match,,5a6b00e4d96e4e7084b19fbabc414bc2/p2-4.6,Covered,Review required
CS,R-DE731D4155C3,"Employees may suggest removal of unnecessary personal-data fields from forms, reports or dashboards to the relevant process owner.","Employees may suggest removal of unnecessary personal-data fields from forms, reports or dashboards to the relevant process owner.",True,Match,,29ae0ea0fd4848979e33a622147640f9/p2-4.8,Covered,Review required
CS,R-E09E30F51B5E,The Customer Support Executive must escalate a routine case still unresolved after 1 working day to the Operations Manager with actions taken and the outstanding decision.,The Customer Support Executive must escalate a routine case still unresolved after 1 working day to the Operations Manager with actions taken and the outstanding decision.,True,Match,,bd23adc3b76e4d999288f631d482a895/p2-4.6,Covered,Review required
CS,R-E27E85E44AEB,"The Customer Support Executive must send refund requests to the Returns Specialist and must not promise eligibility, amount or payment date before approval under SOP-14 and SOP-16.","The Customer Support Executive must send refund requests to the Returns Specialist and must not promise eligibility, amount or payment date before approval under SOP-14 and SOP-16.",True,Match,,bd23adc3b76e4d999288f631d482a895/p2-4.5,Covered,Review required
CS,R-E8193BEEB971,"Employees must classify an incident as critical when it involves immediate physical danger, suspected exposure of customer data or complete loss of dispatch capability. Where severity is uncertain, they must escalate as critical pending review.","Employees must classify an incident as critical when it involves immediate physical danger, suspected exposure of customer data or complete loss of dispatch capability. Where severity is uncertain, they must escalate as critical pending review.",True,Match,,5a6b00e4d96e4e7084b19fbabc414bc2/p1-4.2,Covered,Review required
CS,R-ED681FEEAECA,Employees must check shipment and transaction identifiers before entering recovered work into the restored system. Potential duplicates must be held for review rather than posted again.,Employees must check shipment and transaction identifiers before entering recovered work into the restored system. Potential duplicates must be held for review rather than posted again.,True,Match,,fbf2b8d8ccbf4468aaf55fce005135f5/p2-4.5,Covered,Review required
CS,R-EF92A576A545,"Training managers must distribute learning across Day 1, Week 1, Week 2 and First 30 Days. Mandatory operational deadlines and prerequisites take priority over a convenient stage label.","Training managers must distribute learning across Day 1, Week 1, Week 2 and First 30 Days. Mandatory operational deadlines and prerequisites take priority over a convenient stage label.",True,Match,,8befbcac4db04e0a8e829c57dcdd2170/p1-4.3,Covered,Review required
CS,R-F0DD273F245B,Employees must report a non-urgent safety concern before the end of the current shift. An immediate danger requires stopping the activity and alerting the shift supervisor at once.,Employees must report a non-urgent safety concern before the end of the current shift. An immediate danger requires stopping the activity and alerting the shift supervisor at once.,True,Match,,727e0064e34d4dae893833f832bc8b10/p1-4.1,Covered,Review required
CS,R-F2B0834EAC46,HR must restrict medical or other sensitive absence details to authorized People Operations staff. Operational managers receive only information needed to arrange work.,HR must restrict medical or other sensitive absence details to authorized People Operations staff. Operational managers receive only information needed to arrange work.,True,Match,,8fdf130200824965a79733d30e4c06f9/p2-4.7,Covered,Review required
CS,R-F5F5437807FF,"The Operations Manager must identify scope, owner and start date when issuing a preservation hold. Record owners must suspend scheduled deletion for the named records until written release.","The Operations Manager must identify scope, owner and start date when issuing a preservation hold. Record owners must suspend scheduled deletion for the named records until written release.",True,Match,,8a073cad84ed4b08a2f7cef3f4db050b/p2-4.5,Covered,Review required
CS,R-F7193D95C1AD,Employees are encouraged to arrange a weekly discussion with an experienced colleague during the first month to clarify workflows and identify useful practice.,Employees are encouraged to arrange a weekly discussion with an experienced colleague during the first month to clarify workflows and identify useful practice.,True,Match,,a30d6e8951e441a993e8caf97aac6c92/p2-4.8,Covered,Review required
CS,R-FB974B986599,"The incident lead must record recovery evidence, outstanding risks and corrective action owners before closure. The Operations Manager must review critical incidents within 2 working days after restoration.","The incident lead must record recovery evidence, outstanding risks and corrective action owners before closure. The Operations Manager must review critical incidents within 2 working days after restoration.",True,Match,,5a6b00e4d96e4e7084b19fbabc414bc2/p2-4.7,Covered,Review required
CS,R-FF0FD20BF415,Employees must complete core orientation within 2 working days of joining. HR must schedule a replacement session within that deadline if the original session is cancelled.,Employees must complete core orientation within 2 working days of joining. HR must schedule a replacement session within that deadline if the original session is cancelled.,True,Match,,8befbcac4db04e0a8e829c57dcdd2170/p1-4.1,Covered,Review required
CS,R-FC2BF34B9517,Employees must use individually assigned accounts and must not share passwords or authentication codes. Service accounts require a named IT owner and must not be used for routine interactive work.,Employees must use individually assigned accounts and must not share passwords or authentication codes. Service accounts require a named IT owner and must not be used for routine interactive work.,True,Match,,a74212e00516450eb8f093cdf4ba9261/p1-4.2,Covered,Review required
CS,R-FDB3D0561A1B,"Employees must follow the latest effective approved policy, then the applicable SOP, then an approved role guide, then an FAQ. A lower-authority document cannot override a policy; unresolved conflicts go to the policy owner before action.","Employees must follow the latest effective approved policy, then the applicable SOP, then an approved role guide, then an FAQ. A lower-authority document cannot override a policy; unresolved conflicts go to the policy owner before action.",True,Match,,a30d6e8951e441a993e8caf97aac6c92/p1-4.2,Covered,Review required
CS,R-FE4A4F93E455,Employees must notify the duty Operations Manager within 15 elapsed minutes of discovering a critical incident. Immediate emergency or containment actions must not wait for a ticket; the notification record must follow as soon as practical.,Employees must notify the duty Operations Manager within 15 elapsed minutes of discovering a critical incident. Immediate emergency or containment actions must not wait for a ticket; the notification record must follow as soon as practical.,True,Match,,5a6b00e4d96e4e7084b19fbabc414bc2/p1-4.1,Covered,Review required
DC,R-0247D1BC923B,"Employees must acknowledge the current handbook within 1 working day of joining. If access is unavailable, HR records the outage and obtains a supervised paper acknowledgement within the same period.","Employees must acknowledge the current handbook within 1 working day of joining. If access is unavailable, HR records the outage and obtains a supervised paper acknowledgement within the same period.",True,Match,,a30d6e8951e441a993e8caf97aac6c92/p1-4.1,Covered,Review required
DC,R-00D790D2F6DF,"Employees must notify the manager as soon as reasonably possible when an emergency prevents attendance. Where the employee cannot communicate, HR must accept notification from a nominated contact and record the circumstances.","Employees must notify the manager as soon as reasonably possible when an emergency prevents attendance. Where the employee cannot communicate, HR must accept notification from a nominated contact and record the circumstances.",True,Match,,8fdf130200824965a79733d30e4c06f9/p1-4.3,Covered,Review required
DC,R-026FDABD5735,"Managers must review employee readiness by the end of the first 30 calendar days and document remaining gaps, supervised-work limits and follow-up dates.","Managers must review employee readiness by the end of the first 30 calendar days and document remaining gaps, supervised-work limits and follow-up dates.",True,Match,,8befbcac4db04e0a8e829c57dcdd2170/p2-4.7,Covered,Review required
DC,R-01A5ED733FCA,Record owners are encouraged to review archive searchability quarterly and propose improvements to naming or indexing.,Record owners are encouraged to review archive searchability quarterly and propose improvements to naming or indexing.,True,Match,,8a073cad84ed4b08a2f7cef3f4db050b/p2-4.8,Covered,Review required
DC,R-02E88985DB7B,Employees must store operational evidence in the approved case or document repository. A local copy must not become the sole record of a decision or transaction.,Employees must store operational evidence in the approved case or document repository. A local copy must not become the sole record of a decision or transaction.,True,Match,,8a073cad84ed4b08a2f7cef3f4db050b/p1-4.3,Covered,Review required
DC,R-0468E846ED61,The Dispatch Coordinator may summarize recurring route delays for the weekly operations review without including unnecessary customer identifiers.,The Dispatch Coordinator may summarize recurring route delays for the weekly operations review without including unnecessary customer identifiers.,True,Match,,ee4d6f881feb4729a92c8b4d530f50bb/p2-4.8,Covered,Review required
DC,R-060CB59C84A0,The Dispatch Coordinator must record the actual reason and available evidence for a failed delivery attempt. A failed attempt must not be entered as delivered to close a route.,The Dispatch Coordinator must record the actual reason and available evidence for a failed delivery attempt. A failed attempt must not be entered as delivered to close a route.,True,Match,,ee4d6f881feb4729a92c8b4d530f50bb/p2-4.5,Covered,Review required
DC,R-06A38872D72D,Employees must stop an unintended transfer where possible and report suspected disclosure through POL-09 immediately. They must preserve evidence and must not conceal or silently delete the incident history.,Employees must stop an unintended transfer where possible and report suspected disclosure through POL-09 immediately. They must preserve evidence and must not conceal or silently delete the incident history.,True,Match,,29ae0ea0fd4848979e33a622147640f9/p2-4.7,Covered,Review required
DC,R-08FF3809E4D8,"Employees must communicate respectfully and must not harass, threaten or discriminate against another person. A witness must report concerns through the confidential HR channel without circulating the allegation to colleagues.","Employees must communicate respectfully and must not harass, threaten or discriminate against another person. A witness must report concerns through the confidential HR channel without circulating the allegation to colleagues.",True,Match,,73e1b29a357c41259bbdcc11a0632fa6/p1-4.2,Covered,Review required
DC,R-09ED55951BF3,Employees must score at least 80 percent on mandatory knowledge assessments. A failed attempt requires targeted revision and another attempt; the original result must remain recorded.,Employees must score at least 80 percent on mandatory knowledge assessments. A failed attempt requires targeted revision and another attempt; the original result must remain recorded.,True,Match,,8befbcac4db04e0a8e829c57dcdd2170/p1-4.4,Covered,Review required
DC,R-0A5D19127D72,Employees must request correction of an inaccurate attendance entry within 2 working days of discovering it. HR must retain the original value and the evidence supporting correction.,Employees must request correction of an inaccurate attendance entry within 2 working days of discovering it. HR must retain the original value and the evidence supporting correction.,True,Match,,8fdf130200824965a79733d30e4c06f9/p2-4.5,Covered,Review required
DC,R-0AB9BB1F1147,Document owners must link each revision to the superseded version and identify changed sections. Employees must use the version effective on the date of the activity; historical copies remain available for audit.,Document owners must link each revision to the superseded version and identify changed sections. Employees must use the version effective on the date of the activity; historical copies remain available for audit.,True,Match,,a30d6e8951e441a993e8caf97aac6c92/p1-4.4,Covered,Review required
DC,R-0EFA01E01C84,The duty Operations Manager must appoint an incident lead and record the handover. IT leads technical containment while the incident lead coordinates business decisions and communications.,The duty Operations Manager must appoint an incident lead and record the handover. IT leads technical containment while the incident lead coordinates business decisions and communications.,True,Match,,5a6b00e4d96e4e7084b19fbabc414bc2/p1-4.4,Covered,Review required
DC,R-15C4487260AD,Employees must delete approved temporary customer-data exports within 24 elapsed hours after the approved task ends. A documented preservation hold suspends deletion only for the records identified in that hold.,Employees must delete approved temporary customer-data exports within 24 elapsed hours after the approved task ends. A documented preservation hold suspends deletion only for the records identified in that hold.,True,Match,,29ae0ea0fd4848979e33a622147640f9/p1-4.1,Covered,Review required
DC,R-16B26D69B2E7,Employees must complete the relevant prerequisite training before independently performing restricted tasks. A manager may arrange supervised practice but must not mark an unmet prerequisite complete.,Employees must complete the relevant prerequisite training before independently performing restricted tasks. A manager may arrange supervised practice but must not mark an unmet prerequisite complete.,True,Match,,a30d6e8951e441a993e8caf97aac6c92/p2-4.6,Covered,Review required
DC,R-172546FABD6A,Employees must assess parcel weight and route before lifting and must request approved handling assistance when the posted safe-handling limit is exceeded. They must not invent a universal weight limit where a task assessment is required.,Employees must assess parcel weight and route before lifting and must request approved handling assistance when the posted safe-handling limit is exceeded. They must not invent a universal weight limit where a task assessment is required.,True,Match,,727e0064e34d4dae893833f832bc8b10/p2-4.6,Covered,Review required
DC,R-1796405D6767,Employees must demonstrate the critical steps of a role task to an authorized assessor before independent work. A numerical score cannot compensate for a failed safety or privacy critical step.,Employees must demonstrate the critical steps of a role task to an authorized assessor before independent work. A numerical score cannot compensate for a failed safety or privacy critical step.,True,Match,,8befbcac4db04e0a8e829c57dcdd2170/p2-4.5,Covered,Review required
DC,R-20D520DA4A8A,Employees must verify the requester using the approved workflow before disclosing shipment details. A shipment number alone does not authorize disclosure of the recipient address or contact details.,Employees must verify the requester using the approved workflow before disclosing shipment details. A shipment number alone does not authorize disclosure of the recipient address or contact details.,True,Match,,29ae0ea0fd4848979e33a622147640f9/p1-4.3,Covered,Review required
DC,R-21F568318B33,Employees are encouraged to discuss routine process frustrations privately with their manager and suggest a specific improvement supported by an example.,Employees are encouraged to discuss routine process frustrations privately with their manager and suggest a specific improvement supported by an example.,True,Match,,73e1b29a357c41259bbdcc11a0632fa6/p2-4.8,Covered,Review required
DC,R-239FAF9F2EB5,"Document owners must record document ID, owner, version, approval role and effective date before release. An unapproved draft must not be used to assign mandatory training.","Document owners must record document ID, owner, version, approval role and effective date before release. An unapproved draft must not be used to assign mandatory training.",True,Match,,a30d6e8951e441a993e8caf97aac6c92/p1-4.3,Covered,Review required
DC,R-2A86AFDA4BA8,Employees must use only the approved numbered fallback forms or controlled offline register during an outage. Personal notebooks and unapproved messaging groups must not hold customer records.,Employees must use only the approved numbered fallback forms or controlled offline register during an outage. Personal notebooks and unapproved messaging groups must not hold customer records.,True,Match,,fbf2b8d8ccbf4468aaf55fce005135f5/p1-4.3,Covered,Review required
DC,R-3972F51E6289,The Dispatch Coordinator must obtain operator acceptance for the manifest and record parcel count and handover time before departure. A count mismatch must be resolved before release.,The Dispatch Coordinator must obtain operator acceptance for the manifest and record parcel count and handover time before departure. A count mismatch must be resolved before release.,True,Match,,ee4d6f881feb4729a92c8b4d530f50bb/p1-4.3,Covered,Review required
DC,R-4105856ED949,"Employees must report suspicious links, attachments or unexpected authentication requests to IT without opening them. If already opened, the employee must report the action and follow the incident process in POL-09.","Employees must report suspicious links, attachments or unexpected authentication requests to IT without opening them. If already opened, the employee must report the action and follow the incident process in POL-09.",True,Match,,a74212e00516450eb8f093cdf4ba9261/p2-4.5,Covered,Review required
DC,R-416209DCE36D,Employees must lock an unattended workstation immediately and configure automatic locking after no more than 5 minutes of inactivity. Shared warehouse terminals follow the same limit.,Employees must lock an unattended workstation immediately and configure automatic locking after no more than 5 minutes of inactivity. Shared warehouse terminals follow the same limit.,True,Match,,a74212e00516450eb8f093cdf4ba9261/p1-4.1,Covered,Review required
DC,R-460EAA2B4275,"Only the duty Operations Manager may activate the continuity procedure after assessing service impact. If immediate danger exists, employees must take the safety actions in POL-08 without waiting for activation.","Only the duty Operations Manager may activate the continuity procedure after assessing service impact. If immediate danger exists, employees must take the safety actions in POL-08 without waiting for activation.",True,Match,,fbf2b8d8ccbf4468aaf55fce005135f5/p1-4.2,Covered,Review required
DC,R-4A2C5688825E,Employees must submit a planned absence request at least 3 working days before the proposed start. The manager may approve shorter notice only after recording a coverage arrangement.,Employees must submit a planned absence request at least 3 working days before the proposed start. The manager may approve shorter notice only after recording a coverage arrangement.,True,Match,,8fdf130200824965a79733d30e4c06f9/p1-4.1,Covered,Review required
DC,R-4A6727C8C054,Managers must not disadvantage a person for raising a good-faith concern or participating in an investigation. Any alleged retaliation must be referred to the Managing Director.,Managers must not disadvantage a person for raising a good-faith concern or participating in an investigation. Any alleged retaliation must be referred to the Managing Director.,True,Match,,73e1b29a357c41259bbdcc11a0632fa6/p2-4.6,Covered,Review required
DC,R-4C4FDAD22DCE,Employees must stop work and use the signed evacuation route when the alarm sounds. They must report to the assembly point and must not re-enter until the incident lead authorizes it.,Employees must stop work and use the signed evacuation route when the alarm sounds. They must report to the assembly point and must not re-enter until the incident lead authorizes it.,True,Match,,727e0064e34d4dae893833f832bc8b10/p1-4.2,Covered,Review required
DC,R-50AFD826669E,"Employees hosting a visitor must arrange registration, a visible visitor pass and an escort in restricted areas. Visitors must not use employee access credentials.","Employees hosting a visitor must arrange registration, a visible visitor pass and an escort in restricted areas. Visitors must not use employee access credentials.",True,Match,,727e0064e34d4dae893833f832bc8b10/p2-4.5,Covered,Review required
DC,R-521A7E7E5CE2,"Employees must log access, correction or deletion requests and refer them to the Operations Manager on the same working day. Employees must not promise deletion before checking preservation requirements.","Employees must log access, correction or deletion requests and refer them to the Operations Manager on the same working day. Employees must not promise deletion before checking preservation requirements.",True,Match,,29ae0ea0fd4848979e33a622147640f9/p2-4.6,Covered,Review required
DC,R-54140A92ACBD,"Employees must record only shipment ID, action, time and assigned operator in the fallback register. Additional personal data requires explicit incident-lead approval and privacy controls.","Employees must record only shipment ID, action, time and assigned operator in the fallback register. Additional personal data requires explicit incident-lead approval and privacy controls.",True,Match,,fbf2b8d8ccbf4468aaf55fce005135f5/p1-4.4,Covered,Review required
DC,R-541FB3AC9BE0,Employees are encouraged to complete optional phishing simulations and discuss the warning signs with IT after the exercise.,Employees are encouraged to complete optional phishing simulations and discuss the warning signs with IT after the exercise.,True,Match,,a74212e00516450eb8f093cdf4ba9261/p2-4.8,Covered,Review required
DC,R-56209CC63AA4,Employees must not operate powered warehouse equipment without documented authorization and task-specific training. Observing another operator does not grant authorization.,Employees must not operate powered warehouse equipment without documented authorization and task-specific training. Observing another operator does not grant authorization.,True,Match,,727e0064e34d4dae893833f832bc8b10/p1-4.3,Covered,Review required
DC,R-5C483711F6BE,"HR must retain onboarding acknowledgements, assessment attempts and readiness decisions for 24 months after the employee leaves the company, unless a preservation hold applies.","HR must retain onboarding acknowledgements, assessment attempts and readiness decisions for 24 months after the employee leaves the company, unless a preservation hold applies.",True,Match,,8a073cad84ed4b08a2f7cef3f4db050b/p1-4.2,Covered,Review required
DC,R-62750DC24AD9,Employees must use company-managed devices or an explicitly approved device profile to access restricted data. Personal storage services must not receive company files.,Employees must use company-managed devices or an explicitly approved device profile to access restricted data. Personal storage services must not receive company files.,True,Match,,a74212e00516450eb8f093cdf4ba9261/p1-4.4,Covered,Review required
DC,R-6333B99CFAF1,"Employees must transfer open tasks, critical deadlines and escalation contacts to the designated cover before planned absence. Customer personal data must remain in approved systems.","Employees must transfer open tasks, critical deadlines and escalation contacts to the designated cover before planned absence. Customer personal data must remain in approved systems.",True,Match,,8fdf130200824965a79733d30e4c06f9/p1-4.4,Covered,Review required
DC,R-63363D5F1647,"Employees may propose a simpler fallback step after a rehearsal, provided the proposal preserves privacy, traceability and independent approval.","Employees may propose a simpler fallback step after a rehearsal, provided the proposal preserves privacy, traceability and independent approval.",True,Match,,fbf2b8d8ccbf4468aaf55fce005135f5/p2-4.8,Covered,Review required
DC,R-65621E95FCDC,"Employees must declare any offered gift valued above PKR 1,000 to HR before accepting it. Cash and cash-equivalent gifts are prohibited at any value; splitting a gift does not avoid this rule.","Employees must declare any offered gift valued above PKR 1,000 to HR before accepting it. Cash and cash-equivalent gifts are prohibited at any value; splitting a gift does not avoid this rule.",True,Match,,73e1b29a357c41259bbdcc11a0632fa6/p1-4.1,Covered,Review required
DC,R-67BE00C0C731,"Assigned record owners must reconcile fallback entries within 1 working day of restoration, resolve mismatches and dispose of temporary copies according to POL-06 and POL-07.","Assigned record owners must reconcile fallback entries within 1 working day of restoration, resolve mismatches and dispose of temporary copies according to POL-06 and POL-07.",True,Match,,fbf2b8d8ccbf4468aaf55fce005135f5/p2-4.7,Covered,Review required
DC,R-6A27F9B64A77,Employees must use fictional or irreversibly anonymized customer examples in training and demonstrations. Replacing a name alone does not anonymize a record containing a real telephone number or address.,Employees must use fictional or irreversibly anonymized customer examples in training and demonstrations. Replacing a name alone does not anonymize a record containing a real telephone number or address.,True,Match,,29ae0ea0fd4848979e33a622147640f9/p2-4.5,Covered,Review required
DC,R-6A4D4713C188,Employees must obtain Managing Director approval before representing the company publicly or publishing customer-related material. Personal accounts must not disclose internal records.,Employees must obtain Managing Director approval before representing the company publicly or publishing customer-related material. Personal accounts must not disclose internal records.,True,Match,,73e1b29a357c41259bbdcc11a0632fa6/p2-4.7,Covered,Review required
DC,R-6AF4B1D576E8,"Employees must record actual events and must not fabricate delivery attempts, training completion, assessment results or approvals. Corrections must retain the original entry and the reason for amendment.","Employees must record actual events and must not fabricate delivery attempts, training completion, assessment results or approvals. Corrections must retain the original entry and the reason for amendment.",True,Match,,73e1b29a357c41259bbdcc11a0632fa6/p1-4.4,Covered,Review required
DC,R-77EA0AF82AE6,"Responders must preserve relevant logs, messages and event identifiers without modifying originals. Evidence access must be restricted to the response team and a preservation hold applied where necessary.","Responders must preserve relevant logs, messages and event identifiers without modifying originals. Evidence access must be restricted to the response team and a preservation hold applied where necessary.",True,Match,,5a6b00e4d96e4e7084b19fbabc414bc2/p2-4.5,Covered,Review required
DC,R-788101420862,"Employees must use the confidential HR channel to report misconduct. If the concern involves HR, the report must go directly to the Managing Director.","Employees must use the confidential HR channel to report misconduct. If the concern involves HR, the report must go directly to the Managing Director.",True,Match,,73e1b29a357c41259bbdcc11a0632fa6/p2-4.5,Covered,Review required
DC,R-796BDA01E379,"Employees must obtain recorded approval before taking planned leave. Submission alone is not approval, and employees must not approve their own request.","Employees must obtain recorded approval before taking planned leave. Submission alone is not approval, and employees must not approve their own request.",True,Match,,8fdf130200824965a79733d30e4c06f9/p1-4.2,Covered,Review required
DC,R-7ABC2572F614,Employees may select an optional development topic after agreeing the time allocation with their manager; optional learning must not delay mandatory training.,Employees may select an optional development topic after agreeing the time allocation with their manager; optional learning must not delay mandatory training.,True,Match,,8befbcac4db04e0a8e829c57dcdd2170/p2-4.8,Covered,Review required
DC,R-80EBF00AEAAB,Employees must transfer personal data only through approved company systems to authorized recipients. Personal messaging accounts and publicly accessible links are prohibited.,Employees must transfer personal data only through approved company systems to authorized recipients. Personal messaging accounts and publicly accessible links are prohibited.,True,Match,,29ae0ea0fd4848979e33a622147640f9/p1-4.4,Covered,Review required
DC,R-81006A122487,"The Dispatch Coordinator must reconcile delivered, returned and outstanding parcels at shift end and assign an owner to every unresolved difference.","The Dispatch Coordinator must reconcile delivered, returned and outstanding parcels at shift end and assign an owner to every unresolved difference.",True,Match,,ee4d6f881feb4729a92c8b4d530f50bb/p2-4.7,Covered,Review required
DC,R-82680592B992,The Dispatch Coordinator must compare planned load against the approved vehicle and route capacity before release. Over-capacity work must be reassigned or referred to the Operations Manager.,The Dispatch Coordinator must compare planned load against the approved vehicle and route capacity before release. Over-capacity work must be reassigned or referred to the Operations Manager.,True,Match,,ee4d6f881feb4729a92c8b4d530f50bb/p1-4.2,Covered,Review required
DC,R-856AAFA35458,Record owners must retain routine delivery-event records for 180 calendar days after case closure. A documented preservation hold overrides routine deletion until the hold is formally released.,Record owners must retain routine delivery-event records for 180 calendar days after case closure. A documented preservation hold overrides routine deletion until the hold is formally released.,True,Match,,8a073cad84ed4b08a2f7cef3f4db050b/p1-4.1,Covered,Review required
DC,R-8BA18FD38761,Employees must refer records with no applicable retention category to the Operations Manager before deletion. They must not infer a deadline from an unrelated record type.,Employees must refer records with no applicable retention category to the Operations Manager before deletion. They must not infer a deadline from an unrelated record type.,True,Match,,8a073cad84ed4b08a2f7cef3f4db050b/p2-4.7,Covered,Review required
DC,R-8F2800010EB4,Teams are encouraged to rehearse one incident scenario each month and document a specific improvement to the response procedure.,Teams are encouraged to rehearse one incident scenario each month and document a specific improvement to the response procedure.,True,Match,,5a6b00e4d96e4e7084b19fbabc414bc2/p2-4.8,Covered,Review required
DC,R-90FF05CBE79C,"HR must assign an onboarding plan based on role, experience, location and applicable requirements. Prior experience may change practice difficulty but must not remove mandatory acknowledgements.","HR must assign an onboarding plan based on role, experience, location and applicable requirements. Prior experience may change practice difficulty but must not remove mandatory acknowledgements.",True,Match,,8befbcac4db04e0a8e829c57dcdd2170/p1-4.2,Covered,Review required
DC,R-921011B44D9A,Employees must access and collect only the customer fields needed for an assigned task. Full identity documents must not be requested for routine parcel tracking.,Employees must access and collect only the customer fields needed for an assigned task. Full identity documents must not be requested for routine parcel tracking.,True,Match,,29ae0ea0fd4848979e33a622147640f9/p1-4.2,Covered,Review required
DC,R-9219901BB6BC,"The first available responder must create an incident record containing observed facts, discovery time, affected services and initial actions. Speculation must be labelled and credentials must be excluded.","The first available responder must create an incident record containing observed facts, discovery time, affected services and initial actions. Speculation must be labelled and credentials must be excluded.",True,Match,,5a6b00e4d96e4e7084b19fbabc414bc2/p1-4.3,Covered,Review required
DC,R-97784A35A8C5,"During an activated continuity event, the incident lead must issue an internal status checkpoint at least every 30 elapsed minutes until normal service resumes. A checkpoint must state current impact, owner and next update time.","During an activated continuity event, the incident lead must issue an internal status checkpoint at least every 30 elapsed minutes until normal service resumes. A checkpoint must state current impact, owner and next update time.",True,Match,,fbf2b8d8ccbf4468aaf55fce005135f5/p1-4.1,Covered,Review required
DC,R-9DDB4F577CF4,"Record owners must correct errors through an auditable amendment recording author, time and reason. Original transaction values must not be overwritten without history.","Record owners must correct errors through an auditable amendment recording author, time and reason. Original transaction values must not be overwritten without history.",True,Match,,8a073cad84ed4b08a2f7cef3f4db050b/p1-4.4,Covered,Review required
DC,R-A58C9C4E3A41,Employees must pause the affected activity and ask the document owner when two equally authoritative instructions conflict or a necessary limit is missing. The owner must record the resolution before work resumes.,Employees must pause the affected activity and ask the document owner when two equally authoritative instructions conflict or a necessary limit is missing. The owner must record the resolution before work resumes.,True,Match,,a30d6e8951e441a993e8caf97aac6c92/p2-4.7,Covered,Review required
DC,R-A79CA2D2BCA4,Employees are encouraged to discuss anticipated leave early so teams can plan coverage before a formal request is submitted.,Employees are encouraged to discuss anticipated leave early so teams can plan coverage before a formal request is submitted.,True,Match,,8fdf130200824965a79733d30e4c06f9/p2-4.8,Covered,Review required
DC,R-A93A8597F48D,"Managers must confirm required operational coverage before approving concurrent absences. If coverage cannot be arranged, the manager must record the reason and discuss alternative dates.","Managers must confirm required operational coverage before approving concurrent absences. If coverage cannot be arranged, the manager must record the reason and discuss alternative dates.",True,Match,,8fdf130200824965a79733d30e4c06f9/p2-4.6,Covered,Review required
DC,R-A9DAFEDE9F59,"Employees must activate multifactor authentication before accessing email, remote access or systems holding customer records. IT must provide an approved recovery method rather than disabling the requirement.","Employees must activate multifactor authentication before accessing email, remote access or systems holding customer records. IT must provide an approved recovery method rather than disabling the requirement.",True,Match,,a74212e00516450eb8f093cdf4ba9261/p1-4.3,Covered,Review required
DC,R-ABF97164BFCF,"Record owners must use approved disposal methods and retain a disposal log identifying category, date range, authorization and completion date. Disposal must not expose readable personal data.","Record owners must use approved disposal methods and retain a disposal log identifying category, date range, authorization and completion date. Disposal must not expose readable personal data.",True,Match,,8a073cad84ed4b08a2f7cef3f4db050b/p2-4.6,Covered,Review required
DC,R-AE0187016E1F,"Employees must disclose a personal or financial relationship with a merchant or supplier before participating in its selection, payment or complaint decision. The manager must assign an independent decision-maker.","Employees must disclose a personal or financial relationship with a merchant or supplier before participating in its selection, payment or complaint decision. The manager must assign an independent decision-maker.",True,Match,,73e1b29a357c41259bbdcc11a0632fa6/p1-4.3,Covered,Review required
DC,R-B491BB779BFC,Employees are encouraged to suggest improvements to workstation layout or parcel movement after discussing them with the supervisor.,Employees are encouraged to suggest improvements to workstation layout or parcel movement after discussing them with the supervisor.,True,Match,,727e0064e34d4dae893833f832bc8b10/p2-4.8,Covered,Review required
DC,R-B9814B261AFE,The Dispatch Coordinator must route destination changes through Customer Support verification before amending a released manifest. Driver messages alone do not authorize a change.,The Dispatch Coordinator must route destination changes through Customer Support verification before amending a released manifest. Driver messages alone do not authorize a change.,True,Match,,ee4d6f881feb4729a92c8b4d530f50bb/p1-4.4,Covered,Review required
DC,R-BD7F940287D0,"The Dispatch Coordinator must confirm that each shipment has a unique identifier, destination zone and warehouse release before adding it to a manifest. Incomplete shipments remain on hold.","The Dispatch Coordinator must confirm that each shipment has a unique identifier, destination zone and warehouse release before adding it to a manifest. Incomplete shipments remain on hold.",True,Match,,ee4d6f881feb4729a92c8b4d530f50bb/p1-4.1,Covered,Review required
DC,R-C0183A0DD53E,Reviewers must verify required evidence before recording completion. Reading a module alone does not demonstrate practical competence or substitute for a required policy acknowledgement.,Reviewers must verify required evidence before recording completion. Reading a module alone does not demonstrate practical competence or substitute for a required policy acknowledgement.,True,Match,,8befbcac4db04e0a8e829c57dcdd2170/p2-4.6,Covered,Review required
DC,R-C536107E2F1C,Employees must record near misses even when no injury or damage occurs. The supervisor must assign a corrective action owner and verify completion.,Employees must record near misses even when no injury or damage occurs. The supervisor must assign a corrective action owner and verify completion.,True,Match,,727e0064e34d4dae893833f832bc8b10/p2-4.7,Covered,Review required
DC,R-CACCDCA035FC,"HR must record each employee role, department, joining date and reporting manager before assigning onboarding. A temporary role change requires a recorded start date, end date and additional requirements.","HR must record each employee role, department, joining date and reporting manager before assigning onboarding. A temporary role change requires a recorded start date, end date and additional requirements.",True,Match,,a30d6e8951e441a993e8caf97aac6c92/p2-4.5,Covered,Review required
DC,R-D1ACEA25E7B8,The incident lead must obtain an IT health check and an operational sample check before declaring normal service restored. A login screen alone is not evidence of end-to-end recovery.,The incident lead must obtain an IT health check and an operational sample check before declaring normal service restored. A login screen alone is not evidence of end-to-end recovery.,True,Match,,fbf2b8d8ccbf4468aaf55fce005135f5/p2-4.6,Covered,Review required
DC,R-D2368CFD2806,Employees must obtain IT approval before installing software or browser extensions on company devices. IT must verify business purpose and permitted access before approval.,Employees must obtain IT approval before installing software or browser extensions on company devices. IT must verify business purpose and permitted access before approval.,True,Match,,a74212e00516450eb8f093cdf4ba9261/p2-4.6,Covered,Review required
DC,R-D460F8370B7B,Employees entering marked warehouse handling zones must wear the posted protective equipment. The supervisor must stop the task if suitable equipment is unavailable.,Employees entering marked warehouse handling zones must wear the posted protective equipment. The supervisor must stop the task if suitable equipment is unavailable.,True,Match,,727e0064e34d4dae893833f832bc8b10/p1-4.4,Covered,Review required
DC,R-D61B18CC5452,"Employees must store API keys and service credentials only in approved secret storage and must not include them in source repositories, screenshots, training examples or support tickets.","Employees must store API keys and service credentials only in approved secret storage and must not include them in source repositories, screenshots, training examples or support tickets.",True,Match,,a74212e00516450eb8f093cdf4ba9261/p2-4.7,Covered,Review required
DC,R-DCBEFFCDEA97,Only the incident lead or a designated spokesperson may issue incident updates to merchants or customers. Updates must distinguish confirmed impact from investigation assumptions.,Only the incident lead or a designated spokesperson may issue incident updates to merchants or customers. Updates must distinguish confirmed impact from investigation assumptions.,True,Match,,5a6b00e4d96e4e7084b19fbabc414bc2/p2-4.6,Covered,Review required
DC,R-DE731D4155C3,"Employees may suggest removal of unnecessary personal-data fields from forms, reports or dashboards to the relevant process owner.","Employees may suggest removal of unnecessary personal-data fields from forms, reports or dashboards to the relevant process owner.",True,Match,,29ae0ea0fd4848979e33a622147640f9/p2-4.8,Covered,Review required
DC,R-E8193BEEB971,"Employees must classify an incident as critical when it involves immediate physical danger, suspected exposure of customer data or complete loss of dispatch capability. Where severity is uncertain, they must escalate as critical pending review.","Employees must classify an incident as critical when it involves immediate physical danger, suspected exposure of customer data or complete loss of dispatch capability. Where severity is uncertain, they must escalate as critical pending review.",True,Match,,5a6b00e4d96e4e7084b19fbabc414bc2/p1-4.2,Covered,Review required
DC,R-ED681FEEAECA,Employees must check shipment and transaction identifiers before entering recovered work into the restored system. Potential duplicates must be held for review rather than posted again.,Employees must check shipment and transaction identifiers before entering recovered work into the restored system. Potential duplicates must be held for review rather than posted again.,True,Match,,fbf2b8d8ccbf4468aaf55fce005135f5/p2-4.5,Covered,Review required
DC,R-EF92A576A545,"Training managers must distribute learning across Day 1, Week 1, Week 2 and First 30 Days. Mandatory operational deadlines and prerequisites take priority over a convenient stage label.","Training managers must distribute learning across Day 1, Week 1, Week 2 and First 30 Days. Mandatory operational deadlines and prerequisites take priority over a convenient stage label.",True,Match,,8befbcac4db04e0a8e829c57dcdd2170/p1-4.3,Covered,Review required
DC,R-F0DD273F245B,Employees must report a non-urgent safety concern before the end of the current shift. An immediate danger requires stopping the activity and alerting the shift supervisor at once.,Employees must report a non-urgent safety concern before the end of the current shift. An immediate danger requires stopping the activity and alerting the shift supervisor at once.,True,Match,,727e0064e34d4dae893833f832bc8b10/p1-4.1,Covered,Review required
DC,R-F2B0834EAC46,HR must restrict medical or other sensitive absence details to authorized People Operations staff. Operational managers receive only information needed to arrange work.,HR must restrict medical or other sensitive absence details to authorized People Operations staff. Operational managers receive only information needed to arrange work.,True,Match,,8fdf130200824965a79733d30e4c06f9/p2-4.7,Covered,Review required
DC,R-F5F5437807FF,"The Operations Manager must identify scope, owner and start date when issuing a preservation hold. Record owners must suspend scheduled deletion for the named records until written release.","The Operations Manager must identify scope, owner and start date when issuing a preservation hold. Record owners must suspend scheduled deletion for the named records until written release.",True,Match,,8a073cad84ed4b08a2f7cef3f4db050b/p2-4.5,Covered,Review required
DC,R-F7193D95C1AD,Employees are encouraged to arrange a weekly discussion with an experienced colleague during the first month to clarify workflows and identify useful practice.,Employees are encouraged to arrange a weekly discussion with an experienced colleague during the first month to clarify workflows and identify useful practice.,True,Match,,a30d6e8951e441a993e8caf97aac6c92/p2-4.8,Covered,Review required
DC,R-FB974B986599,"The incident lead must record recovery evidence, outstanding risks and corrective action owners before closure. The Operations Manager must review critical incidents within 2 working days after restoration.","The incident lead must record recovery evidence, outstanding risks and corrective action owners before closure. The Operations Manager must review critical incidents within 2 working days after restoration.",True,Match,,5a6b00e4d96e4e7084b19fbabc414bc2/p2-4.7,Covered,Review required
DC,R-FC2BF34B9517,Employees must use individually assigned accounts and must not share passwords or authentication codes. Service accounts require a named IT owner and must not be used for routine interactive work.,Employees must use individually assigned accounts and must not share passwords or authentication codes. Service accounts require a named IT owner and must not be used for routine interactive work.,True,Match,,a74212e00516450eb8f093cdf4ba9261/p1-4.2,Covered,Review required
DC,R-FF0FD20BF415,Employees must complete core orientation within 2 working days of joining. HR must schedule a replacement session within that deadline if the original session is cancelled.,Employees must complete core orientation within 2 working days of joining. HR must schedule a replacement session within that deadline if the original session is cancelled.,True,Match,,8befbcac4db04e0a8e829c57dcdd2170/p1-4.1,Covered,Review required
DC,R-FD329C224187,The Dispatch Coordinator must stop further movement of affected records and notify the Operations Manager immediately when parcel custody cannot be established. Security or safety indicators also invoke POL-09.,The Dispatch Coordinator must stop further movement of affected records and notify the Operations Manager immediately when parcel custody cannot be established. Security or safety indicators also invoke POL-09.,True,Match,,ee4d6f881feb4729a92c8b4d530f50bb/p2-4.6,Covered,Review required
DC,R-FDB3D0561A1B,"Employees must follow the latest effective approved policy, then the applicable SOP, then an approved role guide, then an FAQ. A lower-authority document cannot override a policy; unresolved conflicts go to the policy owner before action.","Employees must follow the latest effective approved policy, then the applicable SOP, then an approved role guide, then an FAQ. A lower-authority document cannot override a policy; unresolved conflicts go to the policy owner before action.",True,Match,,a30d6e8951e441a993e8caf97aac6c92/p1-4.2,Covered,Review required
DC,R-FE4A4F93E455,Employees must notify the duty Operations Manager within 15 elapsed minutes of discovering a critical incident. Immediate emergency or containment actions must not wait for a ticket; the notification record must follow as soon as practical.,Employees must notify the duty Operations Manager within 15 elapsed minutes of discovering a critical incident. Immediate emergency or containment actions must not wait for a ticket; the notification record must follow as soon as practical.,True,Match,,5a6b00e4d96e4e7084b19fbabc414bc2/p1-4.1,Covered,Review required
WA,R-0247D1BC923B,"Employees must acknowledge the current handbook within 1 working day of joining. If access is unavailable, HR records the outage and obtains a supervised paper acknowledgement within the same period.","Employees must acknowledge the current handbook within 1 working day of joining. If access is unavailable, HR records the outage and obtains a supervised paper acknowledgement within the same period.",True,Match,,a30d6e8951e441a993e8caf97aac6c92/p1-4.1,Covered,Review required
WA,R-00D790D2F6DF,"Employees must notify the manager as soon as reasonably possible when an emergency prevents attendance. Where the employee cannot communicate, HR must accept notification from a nominated contact and record the circumstances.","Employees must notify the manager as soon as reasonably possible when an emergency prevents attendance. Where the employee cannot communicate, HR must accept notification from a nominated contact and record the circumstances.",True,Match,,8fdf130200824965a79733d30e4c06f9/p1-4.3,Covered,Review required
WA,R-026FDABD5735,"Managers must review employee readiness by the end of the first 30 calendar days and document remaining gaps, supervised-work limits and follow-up dates.","Managers must review employee readiness by the end of the first 30 calendar days and document remaining gaps, supervised-work limits and follow-up dates.",True,Match,,8befbcac4db04e0a8e829c57dcdd2170/p2-4.7,Covered,Review required
WA,R-01A5ED733FCA,Record owners are encouraged to review archive searchability quarterly and propose improvements to naming or indexing.,Record owners are encouraged to review archive searchability quarterly and propose improvements to naming or indexing.,True,Match,,8a073cad84ed4b08a2f7cef3f4db050b/p2-4.8,Covered,Review required
WA,R-02E88985DB7B,Employees must store operational evidence in the approved case or document repository. A local copy must not become the sole record of a decision or transaction.,Employees must store operational evidence in the approved case or document repository. A local copy must not become the sole record of a decision or transaction.,True,Match,,8a073cad84ed4b08a2f7cef3f4db050b/p1-4.3,Covered,Review required
WA,R-06A38872D72D,Employees must stop an unintended transfer where possible and report suspected disclosure through POL-09 immediately. They must preserve evidence and must not conceal or silently delete the incident history.,Employees must stop an unintended transfer where possible and report suspected disclosure through POL-09 immediately. They must preserve evidence and must not conceal or silently delete the incident history.,True,Match,,29ae0ea0fd4848979e33a622147640f9/p2-4.7,Covered,Review required
WA,R-08FF3809E4D8,"Employees must communicate respectfully and must not harass, threaten or discriminate against another person. A witness must report concerns through the confidential HR channel without circulating the allegation to colleagues.","Employees must communicate respectfully and must not harass, threaten or discriminate against another person. A witness must report concerns through the confidential HR channel without circulating the allegation to colleagues.",True,Match,,73e1b29a357c41259bbdcc11a0632fa6/p1-4.2,Covered,Review required
WA,R-09ED55951BF3,Employees must score at least 80 percent on mandatory knowledge assessments. A failed attempt requires targeted revision and another attempt; the original result must remain recorded.,Employees must score at least 80 percent on mandatory knowledge assessments. A failed attempt requires targeted revision and another attempt; the original result must remain recorded.,True,Match,,8befbcac4db04e0a8e829c57dcdd2170/p1-4.4,Covered,Review required
WA,R-0A5D19127D72,Employees must request correction of an inaccurate attendance entry within 2 working days of discovering it. HR must retain the original value and the evidence supporting correction.,Employees must request correction of an inaccurate attendance entry within 2 working days of discovering it. HR must retain the original value and the evidence supporting correction.,True,Match,,8fdf130200824965a79733d30e4c06f9/p2-4.5,Covered,Review required
WA,R-0AB9BB1F1147,Document owners must link each revision to the superseded version and identify changed sections. Employees must use the version effective on the date of the activity; historical copies remain available for audit.,Document owners must link each revision to the superseded version and identify changed sections. Employees must use the version effective on the date of the activity; historical copies remain available for audit.,True,Match,,a30d6e8951e441a993e8caf97aac6c92/p1-4.4,Covered,Review required
WA,R-0EFA01E01C84,The duty Operations Manager must appoint an incident lead and record the handover. IT leads technical containment while the incident lead coordinates business decisions and communications.,The duty Operations Manager must appoint an incident lead and record the handover. IT leads technical containment while the incident lead coordinates business decisions and communications.,True,Match,,5a6b00e4d96e4e7084b19fbabc414bc2/p1-4.4,Covered,Review required
WA,R-15C4487260AD,Employees must delete approved temporary customer-data exports within 24 elapsed hours after the approved task ends. A documented preservation hold suspends deletion only for the records identified in that hold.,Employees must delete approved temporary customer-data exports within 24 elapsed hours after the approved task ends. A documented preservation hold suspends deletion only for the records identified in that hold.,True,Match,,29ae0ea0fd4848979e33a622147640f9/p1-4.1,Covered,Review required
WA,R-16B26D69B2E7,Employees must complete the relevant prerequisite training before independently performing restricted tasks. A manager may arrange supervised practice but must not mark an unmet prerequisite complete.,Employees must complete the relevant prerequisite training before independently performing restricted tasks. A manager may arrange supervised practice but must not mark an unmet prerequisite complete.,True,Match,,a30d6e8951e441a993e8caf97aac6c92/p2-4.6,Covered,Review required
WA,R-172546FABD6A,Employees must assess parcel weight and route before lifting and must request approved handling assistance when the posted safe-handling limit is exceeded. They must not invent a universal weight limit where a task assessment is required.,Employees must assess parcel weight and route before lifting and must request approved handling assistance when the posted safe-handling limit is exceeded. They must not invent a universal weight limit where a task assessment is required.,True,Match,,727e0064e34d4dae893833f832bc8b10/p2-4.6,Covered,Review required
WA,R-1796405D6767,Employees must demonstrate the critical steps of a role task to an authorized assessor before independent work. A numerical score cannot compensate for a failed safety or privacy critical step.,Employees must demonstrate the critical steps of a role task to an authorized assessor before independent work. A numerical score cannot compensate for a failed safety or privacy critical step.,True,Match,,8befbcac4db04e0a8e829c57dcdd2170/p2-4.5,Covered,Review required
WA,R-20D520DA4A8A,Employees must verify the requester using the approved workflow before disclosing shipment details. A shipment number alone does not authorize disclosure of the recipient address or contact details.,Employees must verify the requester using the approved workflow before disclosing shipment details. A shipment number alone does not authorize disclosure of the recipient address or contact details.,True,Match,,29ae0ea0fd4848979e33a622147640f9/p1-4.3,Covered,Review required
WA,R-21F568318B33,Employees are encouraged to discuss routine process frustrations privately with their manager and suggest a specific improvement supported by an example.,Employees are encouraged to discuss routine process frustrations privately with their manager and suggest a specific improvement supported by an example.,True,Match,,73e1b29a357c41259bbdcc11a0632fa6/p2-4.8,Covered,Review required
WA,R-239FAF9F2EB5,"Document owners must record document ID, owner, version, approval role and effective date before release. An unapproved draft must not be used to assign mandatory training.","Document owners must record document ID, owner, version, approval role and effective date before release. An unapproved draft must not be used to assign mandatory training.",True,Match,,a30d6e8951e441a993e8caf97aac6c92/p1-4.3,Covered,Review required
WA,R-2A86AFDA4BA8,Employees must use only the approved numbered fallback forms or controlled offline register during an outage. Personal notebooks and unapproved messaging groups must not hold customer records.,Employees must use only the approved numbered fallback forms or controlled offline register during an outage. Personal notebooks and unapproved messaging groups must not hold customer records.,True,Match,,fbf2b8d8ccbf4468aaf55fce005135f5/p1-4.3,Covered,Review required
WA,R-4105856ED949,"Employees must report suspicious links, attachments or unexpected authentication requests to IT without opening them. If already opened, the employee must report the action and follow the incident process in POL-09.","Employees must report suspicious links, attachments or unexpected authentication requests to IT without opening them. If already opened, the employee must report the action and follow the incident process in POL-09.",True,Match,,a74212e00516450eb8f093cdf4ba9261/p2-4.5,Covered,Review required
WA,R-416209DCE36D,Employees must lock an unattended workstation immediately and configure automatic locking after no more than 5 minutes of inactivity. Shared warehouse terminals follow the same limit.,Employees must lock an unattended workstation immediately and configure automatic locking after no more than 5 minutes of inactivity. Shared warehouse terminals follow the same limit.,True,Match,,a74212e00516450eb8f093cdf4ba9261/p1-4.1,Covered,Review required
WA,R-460EAA2B4275,"Only the duty Operations Manager may activate the continuity procedure after assessing service impact. If immediate danger exists, employees must take the safety actions in POL-08 without waiting for activation.","Only the duty Operations Manager may activate the continuity procedure after assessing service impact. If immediate danger exists, employees must take the safety actions in POL-08 without waiting for activation.",True,Match,,fbf2b8d8ccbf4468aaf55fce005135f5/p1-4.2,Covered,Review required
WA,R-4A2C5688825E,Employees must submit a planned absence request at least 3 working days before the proposed start. The manager may approve shorter notice only after recording a coverage arrangement.,Employees must submit a planned absence request at least 3 working days before the proposed start. The manager may approve shorter notice only after recording a coverage arrangement.,True,Match,,8fdf130200824965a79733d30e4c06f9/p1-4.1,Covered,Review required
WA,R-4A6727C8C054,Managers must not disadvantage a person for raising a good-faith concern or participating in an investigation. Any alleged retaliation must be referred to the Managing Director.,Managers must not disadvantage a person for raising a good-faith concern or participating in an investigation. Any alleged retaliation must be referred to the Managing Director.,True,Match,,73e1b29a357c41259bbdcc11a0632fa6/p2-4.6,Covered,Review required
WA,R-4C4FDAD22DCE,Employees must stop work and use the signed evacuation route when the alarm sounds. They must report to the assembly point and must not re-enter until the incident lead authorizes it.,Employees must stop work and use the signed evacuation route when the alarm sounds. They must report to the assembly point and must not re-enter until the incident lead authorizes it.,True,Match,,727e0064e34d4dae893833f832bc8b10/p1-4.2,Covered,Review required
WA,R-50AFD826669E,"Employees hosting a visitor must arrange registration, a visible visitor pass and an escort in restricted areas. Visitors must not use employee access credentials.","Employees hosting a visitor must arrange registration, a visible visitor pass and an escort in restricted areas. Visitors must not use employee access credentials.",True,Match,,727e0064e34d4dae893833f832bc8b10/p2-4.5,Covered,Review required
WA,R-521A7E7E5CE2,"Employees must log access, correction or deletion requests and refer them to the Operations Manager on the same working day. Employees must not promise deletion before checking preservation requirements.","Employees must log access, correction or deletion requests and refer them to the Operations Manager on the same working day. Employees must not promise deletion before checking preservation requirements.",True,Match,,29ae0ea0fd4848979e33a622147640f9/p2-4.6,Covered,Review required
WA,R-54140A92ACBD,"Employees must record only shipment ID, action, time and assigned operator in the fallback register. Additional personal data requires explicit incident-lead approval and privacy controls.","Employees must record only shipment ID, action, time and assigned operator in the fallback register. Additional personal data requires explicit incident-lead approval and privacy controls.",True,Match,,fbf2b8d8ccbf4468aaf55fce005135f5/p1-4.4,Covered,Review required
WA,R-541FB3AC9BE0,Employees are encouraged to complete optional phishing simulations and discuss the warning signs with IT after the exercise.,Employees are encouraged to complete optional phishing simulations and discuss the warning signs with IT after the exercise.,True,Match,,a74212e00516450eb8f093cdf4ba9261/p2-4.8,Covered,Review required
WA,R-56209CC63AA4,Employees must not operate powered warehouse equipment without documented authorization and task-specific training. Observing another operator does not grant authorization.,Employees must not operate powered warehouse equipment without documented authorization and task-specific training. Observing another operator does not grant authorization.,True,Match,,727e0064e34d4dae893833f832bc8b10/p1-4.3,Covered,Review required
WA,R-5C483711F6BE,"HR must retain onboarding acknowledgements, assessment attempts and readiness decisions for 24 months after the employee leaves the company, unless a preservation hold applies.","HR must retain onboarding acknowledgements, assessment attempts and readiness decisions for 24 months after the employee leaves the company, unless a preservation hold applies.",True,Match,,8a073cad84ed4b08a2f7cef3f4db050b/p1-4.2,Covered,Review required
WA,R-62750DC24AD9,Employees must use company-managed devices or an explicitly approved device profile to access restricted data. Personal storage services must not receive company files.,Employees must use company-managed devices or an explicitly approved device profile to access restricted data. Personal storage services must not receive company files.,True,Match,,a74212e00516450eb8f093cdf4ba9261/p1-4.4,Covered,Review required
WA,R-6333B99CFAF1,"Employees must transfer open tasks, critical deadlines and escalation contacts to the designated cover before planned absence. Customer personal data must remain in approved systems.","Employees must transfer open tasks, critical deadlines and escalation contacts to the designated cover before planned absence. Customer personal data must remain in approved systems.",True,Match,,8fdf130200824965a79733d30e4c06f9/p1-4.4,Covered,Review required
WA,R-63363D5F1647,"Employees may propose a simpler fallback step after a rehearsal, provided the proposal preserves privacy, traceability and independent approval.","Employees may propose a simpler fallback step after a rehearsal, provided the proposal preserves privacy, traceability and independent approval.",True,Match,,fbf2b8d8ccbf4468aaf55fce005135f5/p2-4.8,Covered,Review required
WA,R-65621E95FCDC,"Employees must declare any offered gift valued above PKR 1,000 to HR before accepting it. Cash and cash-equivalent gifts are prohibited at any value; splitting a gift does not avoid this rule.","Employees must declare any offered gift valued above PKR 1,000 to HR before accepting it. Cash and cash-equivalent gifts are prohibited at any value; splitting a gift does not avoid this rule.",True,Match,,73e1b29a357c41259bbdcc11a0632fa6/p1-4.1,Covered,Review required
WA,R-67BE00C0C731,"Assigned record owners must reconcile fallback entries within 1 working day of restoration, resolve mismatches and dispose of temporary copies according to POL-06 and POL-07.","Assigned record owners must reconcile fallback entries within 1 working day of restoration, resolve mismatches and dispose of temporary copies according to POL-06 and POL-07.",True,Match,,fbf2b8d8ccbf4468aaf55fce005135f5/p2-4.7,Covered,Review required
WA,R-6A27F9B64A77,Employees must use fictional or irreversibly anonymized customer examples in training and demonstrations. Replacing a name alone does not anonymize a record containing a real telephone number or address.,Employees must use fictional or irreversibly anonymized customer examples in training and demonstrations. Replacing a name alone does not anonymize a record containing a real telephone number or address.,True,Match,,29ae0ea0fd4848979e33a622147640f9/p2-4.5,Covered,Review required
WA,R-6A4D4713C188,Employees must obtain Managing Director approval before representing the company publicly or publishing customer-related material. Personal accounts must not disclose internal records.,Employees must obtain Managing Director approval before representing the company publicly or publishing customer-related material. Personal accounts must not disclose internal records.,True,Match,,73e1b29a357c41259bbdcc11a0632fa6/p2-4.7,Covered,Review required
WA,R-6AF4B1D576E8,"Employees must record actual events and must not fabricate delivery attempts, training completion, assessment results or approvals. Corrections must retain the original entry and the reason for amendment.","Employees must record actual events and must not fabricate delivery attempts, training completion, assessment results or approvals. Corrections must retain the original entry and the reason for amendment.",True,Match,,73e1b29a357c41259bbdcc11a0632fa6/p1-4.4,Covered,Review required
WA,R-6CC84F8A9E89,The Warehouse Associate must match the shipment to the approved manifest before release and must not release a parcel based solely on a verbal request.,The Warehouse Associate must match the shipment to the approved manifest before release and must not release a parcel based solely on a verbal request.,True,Match,,80c4c9d16976414289dab2d41cdc2816/p2-4.5,Covered,Review required
WA,R-77EA0AF82AE6,"Responders must preserve relevant logs, messages and event identifiers without modifying originals. Evidence access must be restricted to the response team and a preservation hold applied where necessary.","Responders must preserve relevant logs, messages and event identifiers without modifying originals. Evidence access must be restricted to the response team and a preservation hold applied where necessary.",True,Match,,5a6b00e4d96e4e7084b19fbabc414bc2/p2-4.5,Covered,Review required
WA,R-788101420862,"Employees must use the confidential HR channel to report misconduct. If the concern involves HR, the report must go directly to the Managing Director.","Employees must use the confidential HR channel to report misconduct. If the concern involves HR, the report must go directly to the Managing Director.",True,Match,,73e1b29a357c41259bbdcc11a0632fa6/p2-4.5,Covered,Review required
WA,R-795A1D8ECD93,The Warehouse Associate must complete assigned cycle counts using physical observation and record differences without altering the expected quantity to match the count.,The Warehouse Associate must complete assigned cycle counts using physical observation and record differences without altering the expected quantity to match the count.,True,Match,,80c4c9d16976414289dab2d41cdc2816/p2-4.7,Covered,Review required
WA,R-73155DBFE6A9,The Warehouse Associate may propose bin-layout improvements after observing repeated mis-picks; relocation requires supervisor approval and updated bin records.,The Warehouse Associate may propose bin-layout improvements after observing repeated mis-picks; relocation requires supervisor approval and updated bin records.,True,Match,,80c4c9d16976414289dab2d41cdc2816/p2-4.8,Covered,Review required
WA,R-796BDA01E379,"Employees must obtain recorded approval before taking planned leave. Submission alone is not approval, and employees must not approve their own request.","Employees must obtain recorded approval before taking planned leave. Submission alone is not approval, and employees must not approve their own request.",True,Match,,8fdf130200824965a79733d30e4c06f9/p1-4.2,Covered,Review required
WA,R-7A94FC90857F,The Warehouse Associate must follow posted zone controls and the task assessment in POL-08 before moving parcels. Only authorized staff may operate powered handling equipment.,The Warehouse Associate must follow posted zone controls and the task assessment in POL-08 before moving parcels. Only authorized staff may operate powered handling equipment.,True,Match,,80c4c9d16976414289dab2d41cdc2816/p1-4.4,Covered,Review required
WA,R-7ABC2572F614,Employees may select an optional development topic after agreeing the time allocation with their manager; optional learning must not delay mandatory training.,Employees may select an optional development topic after agreeing the time allocation with their manager; optional learning must not delay mandatory training.,True,Match,,8befbcac4db04e0a8e829c57dcdd2170/p2-4.8,Covered,Review required
WA,R-80EBF00AEAAB,Employees must transfer personal data only through approved company systems to authorized recipients. Personal messaging accounts and publicly accessible links are prohibited.,Employees must transfer personal data only through approved company systems to authorized recipients. Personal messaging accounts and publicly accessible links are prohibited.,True,Match,,29ae0ea0fd4848979e33a622147640f9/p1-4.4,Covered,Review required
WA,R-856AAFA35458,Record owners must retain routine delivery-event records for 180 calendar days after case closure. A documented preservation hold overrides routine deletion until the hold is formally released.,Record owners must retain routine delivery-event records for 180 calendar days after case closure. A documented preservation hold overrides routine deletion until the hold is formally released.,True,Match,,8a073cad84ed4b08a2f7cef3f4db050b/p1-4.1,Covered,Review required
WA,R-8BA18FD38761,Employees must refer records with no applicable retention category to the Operations Manager before deletion. They must not infer a deadline from an unrelated record type.,Employees must refer records with no applicable retention category to the Operations Manager before deletion. They must not infer a deadline from an unrelated record type.,True,Match,,8a073cad84ed4b08a2f7cef3f4db050b/p2-4.7,Covered,Review required
WA,R-8F2800010EB4,Teams are encouraged to rehearse one incident scenario each month and document a specific improvement to the response procedure.,Teams are encouraged to rehearse one incident scenario each month and document a specific improvement to the response procedure.,True,Match,,5a6b00e4d96e4e7084b19fbabc414bc2/p2-4.8,Covered,Review required
WA,R-90FF05CBE79C,"HR must assign an onboarding plan based on role, experience, location and applicable requirements. Prior experience may change practice difficulty but must not remove mandatory acknowledgements.","HR must assign an onboarding plan based on role, experience, location and applicable requirements. Prior experience may change practice difficulty but must not remove mandatory acknowledgements.",True,Match,,8befbcac4db04e0a8e829c57dcdd2170/p1-4.2,Covered,Review required
WA,R-921011B44D9A,Employees must access and collect only the customer fields needed for an assigned task. Full identity documents must not be requested for routine parcel tracking.,Employees must access and collect only the customer fields needed for an assigned task. Full identity documents must not be requested for routine parcel tracking.,True,Match,,29ae0ea0fd4848979e33a622147640f9/p1-4.2,Covered,Review required
WA,R-9219901BB6BC,"The first available responder must create an incident record containing observed facts, discovery time, affected services and initial actions. Speculation must be labelled and credentials must be excluded.","The first available responder must create an incident record containing observed facts, discovery time, affected services and initial actions. Speculation must be labelled and credentials must be excluded.",True,Match,,5a6b00e4d96e4e7084b19fbabc414bc2/p1-4.3,Covered,Review required
WA,R-97784A35A8C5,"During an activated continuity event, the incident lead must issue an internal status checkpoint at least every 30 elapsed minutes until normal service resumes. A checkpoint must state current impact, owner and next update time.","During an activated continuity event, the incident lead must issue an internal status checkpoint at least every 30 elapsed minutes until normal service resumes. A checkpoint must state current impact, owner and next update time.",True,Match,,fbf2b8d8ccbf4468aaf55fce005135f5/p1-4.1,Covered,Review required
WA,R-9DDB4F577CF4,"Record owners must correct errors through an auditable amendment recording author, time and reason. Original transaction values must not be overwritten without history.","Record owners must correct errors through an auditable amendment recording author, time and reason. Original transaction values must not be overwritten without history.",True,Match,,8a073cad84ed4b08a2f7cef3f4db050b/p1-4.4,Covered,Review required
WA,R-A9DAFEDE9F59,"Employees must activate multifactor authentication before accessing email, remote access or systems holding customer records. IT must provide an approved recovery method rather than disabling the requirement.","Employees must activate multifactor authentication before accessing email, remote access or systems holding customer records. IT must provide an approved recovery method rather than disabling the requirement.",True,Match,,a74212e00516450eb8f093cdf4ba9261/p1-4.3,Covered,Review required
WA,R-A58C9C4E3A41,Employees must pause the affected activity and ask the document owner when two equally authoritative instructions conflict or a necessary limit is missing. The owner must record the resolution before work resumes.,Employees must pause the affected activity and ask the document owner when two equally authoritative instructions conflict or a necessary limit is missing. The owner must record the resolution before work resumes.,True,Match,,a30d6e8951e441a993e8caf97aac6c92/p2-4.7,Covered,Review required
WA,R-A93A8597F48D,"Managers must confirm required operational coverage before approving concurrent absences. If coverage cannot be arranged, the manager must record the reason and discuss alternative dates.","Managers must confirm required operational coverage before approving concurrent absences. If coverage cannot be arranged, the manager must record the reason and discuss alternative dates.",True,Match,,8fdf130200824965a79733d30e4c06f9/p2-4.6,Covered,Review required
WA,R-A79CA2D2BCA4,Employees are encouraged to discuss anticipated leave early so teams can plan coverage before a formal request is submitted.,Employees are encouraged to discuss anticipated leave early so teams can plan coverage before a formal request is submitted.,True,Match,,8fdf130200824965a79733d30e4c06f9/p2-4.8,Covered,Review required
WA,R-AB2F28D0D437,The Warehouse Associate must notify the Dispatch Coordinator and supervisor of count or identity discrepancies before handover. The affected parcels remain held until reconciliation.,The Warehouse Associate must notify the Dispatch Coordinator and supervisor of count or identity discrepancies before handover. The affected parcels remain held until reconciliation.,True,Match,,80c4c9d16976414289dab2d41cdc2816/p2-4.6,Covered,Review required
WA,R-ABF97164BFCF,"Record owners must use approved disposal methods and retain a disposal log identifying category, date range, authorization and completion date. Disposal must not expose readable personal data.","Record owners must use approved disposal methods and retain a disposal log identifying category, date range, authorization and completion date. Disposal must not expose readable personal data.",True,Match,,8a073cad84ed4b08a2f7cef3f4db050b/p2-4.6,Covered,Review required
WA,R-AE0187016E1F,"Employees must disclose a personal or financial relationship with a merchant or supplier before participating in its selection, payment or complaint decision. The manager must assign an independent decision-maker.","Employees must disclose a personal or financial relationship with a merchant or supplier before participating in its selection, payment or complaint decision. The manager must assign an independent decision-maker.",True,Match,,73e1b29a357c41259bbdcc11a0632fa6/p1-4.3,Covered,Review required
WA,R-B491BB779BFC,Employees are encouraged to suggest improvements to workstation layout or parcel movement after discussing them with the supervisor.,Employees are encouraged to suggest improvements to workstation layout or parcel movement after discussing them with the supervisor.,True,Match,,727e0064e34d4dae893833f832bc8b10/p2-4.8,Covered,Review required
WA,R-B4A5FE8B8778,"The Warehouse Associate must place damaged, disputed and unverified parcels in the designated exception area. These parcels must not return to normal stock without recorded release authority.","The Warehouse Associate must place damaged, disputed and unverified parcels in the designated exception area. These parcels must not return to normal stock without recorded release authority.",True,Match,,80c4c9d16976414289dab2d41cdc2816/p1-4.3,Covered,Review required
WA,R-B4AA05D35266,The Warehouse Associate must scan both shipment identifier and destination bin for every storage movement. A failed scan requires a controlled exception record before physical movement.,The Warehouse Associate must scan both shipment identifier and destination bin for every storage movement. A failed scan requires a controlled exception record before physical movement.,True,Match,,80c4c9d16976414289dab2d41cdc2816/p1-4.2,Covered,Review required
WA,R-C0183A0DD53E,Reviewers must verify required evidence before recording completion. Reading a module alone does not demonstrate practical competence or substitute for a required policy acknowledgement.,Reviewers must verify required evidence before recording completion. Reading a module alone does not demonstrate practical competence or substitute for a required policy acknowledgement.,True,Match,,8befbcac4db04e0a8e829c57dcdd2170/p2-4.6,Covered,Review required
WA,R-C536107E2F1C,Employees must record near misses even when no injury or damage occurs. The supervisor must assign a corrective action owner and verify completion.,Employees must record near misses even when no injury or damage occurs. The supervisor must assign a corrective action owner and verify completion.,True,Match,,727e0064e34d4dae893833f832bc8b10/p2-4.7,Covered,Review required
WA,R-CACCDCA035FC,"HR must record each employee role, department, joining date and reporting manager before assigning onboarding. A temporary role change requires a recorded start date, end date and additional requirements.","HR must record each employee role, department, joining date and reporting manager before assigning onboarding. A temporary role change requires a recorded start date, end date and additional requirements.",True,Match,,a30d6e8951e441a993e8caf97aac6c92/p2-4.5,Covered,Review required
WA,R-D1ACEA25E7B8,The incident lead must obtain an IT health check and an operational sample check before declaring normal service restored. A login screen alone is not evidence of end-to-end recovery.,The incident lead must obtain an IT health check and an operational sample check before declaring normal service restored. A login screen alone is not evidence of end-to-end recovery.,True,Match,,fbf2b8d8ccbf4468aaf55fce005135f5/p2-4.6,Covered,Review required
WA,R-D2368CFD2806,Employees must obtain IT approval before installing software or browser extensions on company devices. IT must verify business purpose and permitted access before approval.,Employees must obtain IT approval before installing software or browser extensions on company devices. IT must verify business purpose and permitted access before approval.,True,Match,,a74212e00516450eb8f093cdf4ba9261/p2-4.6,Covered,Review required
WA,R-D460F8370B7B,Employees entering marked warehouse handling zones must wear the posted protective equipment. The supervisor must stop the task if suitable equipment is unavailable.,Employees entering marked warehouse handling zones must wear the posted protective equipment. The supervisor must stop the task if suitable equipment is unavailable.,True,Match,,727e0064e34d4dae893833f832bc8b10/p1-4.4,Covered,Review required
WA,R-D61B18CC5452,"Employees must store API keys and service credentials only in approved secret storage and must not include them in source repositories, screenshots, training examples or support tickets.","Employees must store API keys and service credentials only in approved secret storage and must not include them in source repositories, screenshots, training examples or support tickets.",True,Match,,a74212e00516450eb8f093cdf4ba9261/p2-4.7,Covered,Review required
WA,R-DCBEFFCDEA97,Only the incident lead or a designated spokesperson may issue incident updates to merchants or customers. Updates must distinguish confirmed impact from investigation assumptions.,Only the incident lead or a designated spokesperson may issue incident updates to merchants or customers. Updates must distinguish confirmed impact from investigation assumptions.,True,Match,,5a6b00e4d96e4e7084b19fbabc414bc2/p2-4.6,Covered,Review required
WA,R-DE731D4155C3,"Employees may suggest removal of unnecessary personal-data fields from forms, reports or dashboards to the relevant process owner.","Employees may suggest removal of unnecessary personal-data fields from forms, reports or dashboards to the relevant process owner.",True,Match,,29ae0ea0fd4848979e33a622147640f9/p2-4.8,Covered,Review required
WA,R-E8193BEEB971,"Employees must classify an incident as critical when it involves immediate physical danger, suspected exposure of customer data or complete loss of dispatch capability. Where severity is uncertain, they must escalate as critical pending review.","Employees must classify an incident as critical when it involves immediate physical danger, suspected exposure of customer data or complete loss of dispatch capability. Where severity is uncertain, they must escalate as critical pending review.",True,Match,,5a6b00e4d96e4e7084b19fbabc414bc2/p1-4.2,Covered,Review required
WA,R-ED681FEEAECA,Employees must check shipment and transaction identifiers before entering recovered work into the restored system. Potential duplicates must be held for review rather than posted again.,Employees must check shipment and transaction identifiers before entering recovered work into the restored system. Potential duplicates must be held for review rather than posted again.,True,Match,,fbf2b8d8ccbf4468aaf55fce005135f5/p2-4.5,Covered,Review required
WA,R-EF92A576A545,"Training managers must distribute learning across Day 1, Week 1, Week 2 and First 30 Days. Mandatory operational deadlines and prerequisites take priority over a convenient stage label.","Training managers must distribute learning across Day 1, Week 1, Week 2 and First 30 Days. Mandatory operational deadlines and prerequisites take priority over a convenient stage label.",True,Match,,8befbcac4db04e0a8e829c57dcdd2170/p1-4.3,Covered,Review required
WA,R-F0DD273F245B,Employees must report a non-urgent safety concern before the end of the current shift. An immediate danger requires stopping the activity and alerting the shift supervisor at once.,Employees must report a non-urgent safety concern before the end of the current shift. An immediate danger requires stopping the activity and alerting the shift supervisor at once.,True,Match,,727e0064e34d4dae893833f832bc8b10/p1-4.1,Covered,Review required
WA,R-F2B0834EAC46,HR must restrict medical or other sensitive absence details to authorized People Operations staff. Operational managers receive only information needed to arrange work.,HR must restrict medical or other sensitive absence details to authorized People Operations staff. Operational managers receive only information needed to arrange work.,True,Match,,8fdf130200824965a79733d30e4c06f9/p2-4.7,Covered,Review required
WA,R-F5F5437807FF,"The Operations Manager must identify scope, owner and start date when issuing a preservation hold. Record owners must suspend scheduled deletion for the named records until written release.","The Operations Manager must identify scope, owner and start date when issuing a preservation hold. Record owners must suspend scheduled deletion for the named records until written release.",True,Match,,8a073cad84ed4b08a2f7cef3f4db050b/p2-4.5,Covered,Review required
WA,R-F7193D95C1AD,Employees are encouraged to arrange a weekly discussion with an experienced colleague during the first month to clarify workflows and identify useful practice.,Employees are encouraged to arrange a weekly discussion with an experienced colleague during the first month to clarify workflows and identify useful practice.,True,Match,,a30d6e8951e441a993e8caf97aac6c92/p2-4.8,Covered,Review required
WA,R-F8EDB03665C0,"The Warehouse Associate must check shipment label, count and visible condition at receipt. Damaged or unidentified parcels must be isolated pending supervisor instructions.","The Warehouse Associate must check shipment label, count and visible condition at receipt. Damaged or unidentified parcels must be isolated pending supervisor instructions.",True,Match,,80c4c9d16976414289dab2d41cdc2816/p1-4.1,Covered,Review required
WA,R-FB974B986599,"The incident lead must record recovery evidence, outstanding risks and corrective action owners before closure. The Operations Manager must review critical incidents within 2 working days after restoration.","The incident lead must record recovery evidence, outstanding risks and corrective action owners before closure. The Operations Manager must review critical incidents within 2 working days after restoration.",True,Match,,5a6b00e4d96e4e7084b19fbabc414bc2/p2-4.7,Covered,Review required
WA,R-FF0FD20BF415,Employees must complete core orientation within 2 working days of joining. HR must schedule a replacement session within that deadline if the original session is cancelled.,Employees must complete core orientation within 2 working days of joining. HR must schedule a replacement session within that deadline if the original session is cancelled.,True,Match,,8befbcac4db04e0a8e829c57dcdd2170/p1-4.1,Covered,Review required
WA,R-FC2BF34B9517,Employees must use individually assigned accounts and must not share passwords or authentication codes. Service accounts require a named IT owner and must not be used for routine interactive work.,Employees must use individually assigned accounts and must not share passwords or authentication codes. Service accounts require a named IT owner and must not be used for routine interactive work.,True,Match,,a74212e00516450eb8f093cdf4ba9261/p1-4.2,Covered,Review required
WA,R-FDB3D0561A1B,"Employees must follow the latest effective approved policy, then the applicable SOP, then an approved role guide, then an FAQ. A lower-authority document cannot override a policy; unresolved conflicts go to the policy owner before action.","Employees must follow the latest effective approved policy, then the applicable SOP, then an approved role guide, then an FAQ. A lower-authority document cannot override a policy; unresolved conflicts go to the policy owner before action.",True,Match,,a30d6e8951e441a993e8caf97aac6c92/p1-4.2,Covered,Review required
WA,R-FE4A4F93E455,Employees must notify the duty Operations Manager within 15 elapsed minutes of discovering a critical incident. Immediate emergency or containment actions must not wait for a ticket; the notification record must follow as soon as practical.,Employees must notify the duty Operations Manager within 15 elapsed minutes of discovering a critical incident. Immediate emergency or containment actions must not wait for a ticket; the notification record must follow as soon as practical.,True,Match,,5a6b00e4d96e4e7084b19fbabc414bc2/p1-4.1,Covered,Review required
RS,R-0247D1BC923B,"Employees must acknowledge the current handbook within 1 working day of joining. If access is unavailable, HR records the outage and obtains a supervised paper acknowledgement within the same period.","Employees must acknowledge the current handbook within 1 working day of joining. If access is unavailable, HR records the outage and obtains a supervised paper acknowledgement within the same period.",True,Match,,a30d6e8951e441a993e8caf97aac6c92/p1-4.1,Covered,Review required
RS,R-00D790D2F6DF,"Employees must notify the manager as soon as reasonably possible when an emergency prevents attendance. Where the employee cannot communicate, HR must accept notification from a nominated contact and record the circumstances.","Employees must notify the manager as soon as reasonably possible when an emergency prevents attendance. Where the employee cannot communicate, HR must accept notification from a nominated contact and record the circumstances.",True,Match,,8fdf130200824965a79733d30e4c06f9/p1-4.3,Covered,Review required
RS,R-026FDABD5735,"Managers must review employee readiness by the end of the first 30 calendar days and document remaining gaps, supervised-work limits and follow-up dates.","Managers must review employee readiness by the end of the first 30 calendar days and document remaining gaps, supervised-work limits and follow-up dates.",True,Match,,8befbcac4db04e0a8e829c57dcdd2170/p2-4.7,Covered,Review required
RS,R-01A5ED733FCA,Record owners are encouraged to review archive searchability quarterly and propose improvements to naming or indexing.,Record owners are encouraged to review archive searchability quarterly and propose improvements to naming or indexing.,True,Match,,8a073cad84ed4b08a2f7cef3f4db050b/p2-4.8,Covered,Review required
RS,R-02E88985DB7B,Employees must store operational evidence in the approved case or document repository. A local copy must not become the sole record of a decision or transaction.,Employees must store operational evidence in the approved case or document repository. A local copy must not become the sole record of a decision or transaction.,True,Match,,8a073cad84ed4b08a2f7cef3f4db050b/p1-4.3,Covered,Review required
RS,R-06A38872D72D,Employees must stop an unintended transfer where possible and report suspected disclosure through POL-09 immediately. They must preserve evidence and must not conceal or silently delete the incident history.,Employees must stop an unintended transfer where possible and report suspected disclosure through POL-09 immediately. They must preserve evidence and must not conceal or silently delete the incident history.,True,Match,,29ae0ea0fd4848979e33a622147640f9/p2-4.7,Covered,Review required
RS,R-08FF3809E4D8,"Employees must communicate respectfully and must not harass, threaten or discriminate against another person. A witness must report concerns through the confidential HR channel without circulating the allegation to colleagues.","Employees must communicate respectfully and must not harass, threaten or discriminate against another person. A witness must report concerns through the confidential HR channel without circulating the allegation to colleagues.",True,Match,,73e1b29a357c41259bbdcc11a0632fa6/p1-4.2,Covered,Review required
RS,R-09ED55951BF3,Employees must score at least 80 percent on mandatory knowledge assessments. A failed attempt requires targeted revision and another attempt; the original result must remain recorded.,Employees must score at least 80 percent on mandatory knowledge assessments. A failed attempt requires targeted revision and another attempt; the original result must remain recorded.,True,Match,,8befbcac4db04e0a8e829c57dcdd2170/p1-4.4,Covered,Review required
RS,R-0A5D19127D72,Employees must request correction of an inaccurate attendance entry within 2 working days of discovering it. HR must retain the original value and the evidence supporting correction.,Employees must request correction of an inaccurate attendance entry within 2 working days of discovering it. HR must retain the original value and the evidence supporting correction.,True,Match,,8fdf130200824965a79733d30e4c06f9/p2-4.5,Covered,Review required
RS,R-0AB9BB1F1147,Document owners must link each revision to the superseded version and identify changed sections. Employees must use the version effective on the date of the activity; historical copies remain available for audit.,Document owners must link each revision to the superseded version and identify changed sections. Employees must use the version effective on the date of the activity; historical copies remain available for audit.,True,Match,,a30d6e8951e441a993e8caf97aac6c92/p1-4.4,Covered,Review required
RS,R-0EFA01E01C84,The duty Operations Manager must appoint an incident lead and record the handover. IT leads technical containment while the incident lead coordinates business decisions and communications.,The duty Operations Manager must appoint an incident lead and record the handover. IT leads technical containment while the incident lead coordinates business decisions and communications.,True,Match,,5a6b00e4d96e4e7084b19fbabc414bc2/p1-4.4,Covered,Review required
RS,R-15C4487260AD,Employees must delete approved temporary customer-data exports within 24 elapsed hours after the approved task ends. A documented preservation hold suspends deletion only for the records identified in that hold.,Employees must delete approved temporary customer-data exports within 24 elapsed hours after the approved task ends. A documented preservation hold suspends deletion only for the records identified in that hold.,True,Match,,29ae0ea0fd4848979e33a622147640f9/p1-4.1,Covered,Review required
RS,R-16B26D69B2E7,Employees must complete the relevant prerequisite training before independently performing restricted tasks. A manager may arrange supervised practice but must not mark an unmet prerequisite complete.,Employees must complete the relevant prerequisite training before independently performing restricted tasks. A manager may arrange supervised practice but must not mark an unmet prerequisite complete.,True,Match,,a30d6e8951e441a993e8caf97aac6c92/p2-4.6,Covered,Review required
RS,R-172546FABD6A,Employees must assess parcel weight and route before lifting and must request approved handling assistance when the posted safe-handling limit is exceeded. They must not invent a universal weight limit where a task assessment is required.,Employees must assess parcel weight and route before lifting and must request approved handling assistance when the posted safe-handling limit is exceeded. They must not invent a universal weight limit where a task assessment is required.,True,Match,,727e0064e34d4dae893833f832bc8b10/p2-4.6,Covered,Review required
RS,R-1796405D6767,Employees must demonstrate the critical steps of a role task to an authorized assessor before independent work. A numerical score cannot compensate for a failed safety or privacy critical step.,Employees must demonstrate the critical steps of a role task to an authorized assessor before independent work. A numerical score cannot compensate for a failed safety or privacy critical step.,True,Match,,8befbcac4db04e0a8e829c57dcdd2170/p2-4.5,Covered,Review required
RS,R-20D520DA4A8A,Employees must verify the requester using the approved workflow before disclosing shipment details. A shipment number alone does not authorize disclosure of the recipient address or contact details.,Employees must verify the requester using the approved workflow before disclosing shipment details. A shipment number alone does not authorize disclosure of the recipient address or contact details.,True,Match,,29ae0ea0fd4848979e33a622147640f9/p1-4.3,Covered,Review required
RS,R-21F568318B33,Employees are encouraged to discuss routine process frustrations privately with their manager and suggest a specific improvement supported by an example.,Employees are encouraged to discuss routine process frustrations privately with their manager and suggest a specific improvement supported by an example.,True,Match,,73e1b29a357c41259bbdcc11a0632fa6/p2-4.8,Covered,Review required
RS,R-239FAF9F2EB5,"Document owners must record document ID, owner, version, approval role and effective date before release. An unapproved draft must not be used to assign mandatory training.","Document owners must record document ID, owner, version, approval role and effective date before release. An unapproved draft must not be used to assign mandatory training.",True,Match,,a30d6e8951e441a993e8caf97aac6c92/p1-4.3,Covered,Review required
RS,R-2A86AFDA4BA8,Employees must use only the approved numbered fallback forms or controlled offline register during an outage. Personal notebooks and unapproved messaging groups must not hold customer records.,Employees must use only the approved numbered fallback forms or controlled offline register during an outage. Personal notebooks and unapproved messaging groups must not hold customer records.,True,Match,,fbf2b8d8ccbf4468aaf55fce005135f5/p1-4.3,Covered,Review required
RS,R-4105856ED949,"Employees must report suspicious links, attachments or unexpected authentication requests to IT without opening them. If already opened, the employee must report the action and follow the incident process in POL-09.","Employees must report suspicious links, attachments or unexpected authentication requests to IT without opening them. If already opened, the employee must report the action and follow the incident process in POL-09.",True,Match,,a74212e00516450eb8f093cdf4ba9261/p2-4.5,Covered,Review required
RS,R-416209DCE36D,Employees must lock an unattended workstation immediately and configure automatic locking after no more than 5 minutes of inactivity. Shared warehouse terminals follow the same limit.,Employees must lock an unattended workstation immediately and configure automatic locking after no more than 5 minutes of inactivity. Shared warehouse terminals follow the same limit.,True,Match,,a74212e00516450eb8f093cdf4ba9261/p1-4.1,Covered,Review required
RS,R-460EAA2B4275,"Only the duty Operations Manager may activate the continuity procedure after assessing service impact. If immediate danger exists, employees must take the safety actions in POL-08 without waiting for activation.","Only the duty Operations Manager may activate the continuity procedure after assessing service impact. If immediate danger exists, employees must take the safety actions in POL-08 without waiting for activation.",True,Match,,fbf2b8d8ccbf4468aaf55fce005135f5/p1-4.2,Covered,Review required
RS,R-4A2C5688825E,Employees must submit a planned absence request at least 3 working days before the proposed start. The manager may approve shorter notice only after recording a coverage arrangement.,Employees must submit a planned absence request at least 3 working days before the proposed start. The manager may approve shorter notice only after recording a coverage arrangement.,True,Match,,8fdf130200824965a79733d30e4c06f9/p1-4.1,Covered,Review required
RS,R-4A6727C8C054,Managers must not disadvantage a person for raising a good-faith concern or participating in an investigation. Any alleged retaliation must be referred to the Managing Director.,Managers must not disadvantage a person for raising a good-faith concern or participating in an investigation. Any alleged retaliation must be referred to the Managing Director.,True,Match,,73e1b29a357c41259bbdcc11a0632fa6/p2-4.6,Covered,Review required
RS,R-4C4FDAD22DCE,Employees must stop work and use the signed evacuation route when the alarm sounds. They must report to the assembly point and must not re-enter until the incident lead authorizes it.,Employees must stop work and use the signed evacuation route when the alarm sounds. They must report to the assembly point and must not re-enter until the incident lead authorizes it.,True,Match,,727e0064e34d4dae893833f832bc8b10/p1-4.2,Covered,Review required
RS,R-50AFD826669E,"Employees hosting a visitor must arrange registration, a visible visitor pass and an escort in restricted areas. Visitors must not use employee access credentials.","Employees hosting a visitor must arrange registration, a visible visitor pass and an escort in restricted areas. Visitors must not use employee access credentials.",True,Match,,727e0064e34d4dae893833f832bc8b10/p2-4.5,Covered,Review required
RS,R-521A7E7E5CE2,"Employees must log access, correction or deletion requests and refer them to the Operations Manager on the same working day. Employees must not promise deletion before checking preservation requirements.","Employees must log access, correction or deletion requests and refer them to the Operations Manager on the same working day. Employees must not promise deletion before checking preservation requirements.",True,Match,,29ae0ea0fd4848979e33a622147640f9/p2-4.6,Covered,Review required
RS,R-54140A92ACBD,"Employees must record only shipment ID, action, time and assigned operator in the fallback register. Additional personal data requires explicit incident-lead approval and privacy controls.","Employees must record only shipment ID, action, time and assigned operator in the fallback register. Additional personal data requires explicit incident-lead approval and privacy controls.",True,Match,,fbf2b8d8ccbf4468aaf55fce005135f5/p1-4.4,Covered,Review required
RS,R-541FB3AC9BE0,Employees are encouraged to complete optional phishing simulations and discuss the warning signs with IT after the exercise.,Employees are encouraged to complete optional phishing simulations and discuss the warning signs with IT after the exercise.,True,Match,,a74212e00516450eb8f093cdf4ba9261/p2-4.8,Covered,Review required
RS,R-56209CC63AA4,Employees must not operate powered warehouse equipment without documented authorization and task-specific training. Observing another operator does not grant authorization.,Employees must not operate powered warehouse equipment without documented authorization and task-specific training. Observing another operator does not grant authorization.,True,Match,,727e0064e34d4dae893833f832bc8b10/p1-4.3,Covered,Review required
RS,R-5C483711F6BE,"HR must retain onboarding acknowledgements, assessment attempts and readiness decisions for 24 months after the employee leaves the company, unless a preservation hold applies.","HR must retain onboarding acknowledgements, assessment attempts and readiness decisions for 24 months after the employee leaves the company, unless a preservation hold applies.",True,Match,,8a073cad84ed4b08a2f7cef3f4db050b/p1-4.2,Covered,Review required
RS,R-62750DC24AD9,Employees must use company-managed devices or an explicitly approved device profile to access restricted data. Personal storage services must not receive company files.,Employees must use company-managed devices or an explicitly approved device profile to access restricted data. Personal storage services must not receive company files.,True,Match,,a74212e00516450eb8f093cdf4ba9261/p1-4.4,Covered,Review required
RS,R-6333B99CFAF1,"Employees must transfer open tasks, critical deadlines and escalation contacts to the designated cover before planned absence. Customer personal data must remain in approved systems.","Employees must transfer open tasks, critical deadlines and escalation contacts to the designated cover before planned absence. Customer personal data must remain in approved systems.",True,Match,,8fdf130200824965a79733d30e4c06f9/p1-4.4,Covered,Review required
RS,R-63363D5F1647,"Employees may propose a simpler fallback step after a rehearsal, provided the proposal preserves privacy, traceability and independent approval.","Employees may propose a simpler fallback step after a rehearsal, provided the proposal preserves privacy, traceability and independent approval.",True,Match,,fbf2b8d8ccbf4468aaf55fce005135f5/p2-4.8,Covered,Review required
RS,R-65621E95FCDC,"Employees must declare any offered gift valued above PKR 1,000 to HR before accepting it. Cash and cash-equivalent gifts are prohibited at any value; splitting a gift does not avoid this rule.","Employees must declare any offered gift valued above PKR 1,000 to HR before accepting it. Cash and cash-equivalent gifts are prohibited at any value; splitting a gift does not avoid this rule.",True,Match,,73e1b29a357c41259bbdcc11a0632fa6/p1-4.1,Covered,Review required
RS,R-67BE00C0C731,"Assigned record owners must reconcile fallback entries within 1 working day of restoration, resolve mismatches and dispose of temporary copies according to POL-06 and POL-07.","Assigned record owners must reconcile fallback entries within 1 working day of restoration, resolve mismatches and dispose of temporary copies according to POL-06 and POL-07.",True,Match,,fbf2b8d8ccbf4468aaf55fce005135f5/p2-4.7,Covered,Review required
RS,R-69164C75AB18,The Returns Specialist must inspect packaging and contents using the approved safe-inspection process and record observed condition. Photographs must exclude unnecessary customer identifiers.,The Returns Specialist must inspect packaging and contents using the approved safe-inspection process and record observed condition. Photographs must exclude unnecessary customer identifiers.,True,Match,,98a0f5f89cce430e83dba60674eaf51f/p1-4.3,Covered,Review required
RS,R-6A27F9B64A77,Employees must use fictional or irreversibly anonymized customer examples in training and demonstrations. Replacing a name alone does not anonymize a record containing a real telephone number or address.,Employees must use fictional or irreversibly anonymized customer examples in training and demonstrations. Replacing a name alone does not anonymize a record containing a real telephone number or address.,True,Match,,29ae0ea0fd4848979e33a622147640f9/p2-4.5,Covered,Review required
RS,R-6A4D4713C188,Employees must obtain Managing Director approval before representing the company publicly or publishing customer-related material. Personal accounts must not disclose internal records.,Employees must obtain Managing Director approval before representing the company publicly or publishing customer-related material. Personal accounts must not disclose internal records.,True,Match,,73e1b29a357c41259bbdcc11a0632fa6/p2-4.7,Covered,Review required
RS,R-6AF4B1D576E8,"Employees must record actual events and must not fabricate delivery attempts, training completion, assessment results or approvals. Corrections must retain the original entry and the reason for amendment.","Employees must record actual events and must not fabricate delivery attempts, training completion, assessment results or approvals. Corrections must retain the original entry and the reason for amendment.",True,Match,,73e1b29a357c41259bbdcc11a0632fa6/p1-4.4,Covered,Review required
RS,R-77EA0AF82AE6,"Responders must preserve relevant logs, messages and event identifiers without modifying originals. Evidence access must be restricted to the response team and a preservation hold applied where necessary.","Responders must preserve relevant logs, messages and event identifiers without modifying originals. Evidence access must be restricted to the response team and a preservation hold applied where necessary.",True,Match,,5a6b00e4d96e4e7084b19fbabc414bc2/p2-4.5,Covered,Review required
RS,R-788101420862,"Employees must use the confidential HR channel to report misconduct. If the concern involves HR, the report must go directly to the Managing Director.","Employees must use the confidential HR channel to report misconduct. If the concern involves HR, the report must go directly to the Managing Director.",True,Match,,73e1b29a357c41259bbdcc11a0632fa6/p2-4.5,Covered,Review required
RS,R-796BDA01E379,"Employees must obtain recorded approval before taking planned leave. Submission alone is not approval, and employees must not approve their own request.","Employees must obtain recorded approval before taking planned leave. Submission alone is not approval, and employees must not approve their own request.",True,Match,,8fdf130200824965a79733d30e4c06f9/p1-4.2,Covered,Review required
RS,R-7ABC2572F614,Employees may select an optional development topic after agreeing the time allocation with their manager; optional learning must not delay mandatory training.,Employees may select an optional development topic after agreeing the time allocation with their manager; optional learning must not delay mandatory training.,True,Match,,8befbcac4db04e0a8e829c57dcdd2170/p2-4.8,Covered,Review required
RS,R-80EBF00AEAAB,Employees must transfer personal data only through approved company systems to authorized recipients. Personal messaging accounts and publicly accessible links are prohibited.,Employees must transfer personal data only through approved company systems to authorized recipients. Personal messaging accounts and publicly accessible links are prohibited.,True,Match,,29ae0ea0fd4848979e33a622147640f9/p1-4.4,Covered,Review required
RS,R-856AAFA35458,Record owners must retain routine delivery-event records for 180 calendar days after case closure. A documented preservation hold overrides routine deletion until the hold is formally released.,Record owners must retain routine delivery-event records for 180 calendar days after case closure. A documented preservation hold overrides routine deletion until the hold is formally released.,True,Match,,8a073cad84ed4b08a2f7cef3f4db050b/p1-4.1,Covered,Review required
RS,R-8BA18FD38761,Employees must refer records with no applicable retention category to the Operations Manager before deletion. They must not infer a deadline from an unrelated record type.,Employees must refer records with no applicable retention category to the Operations Manager before deletion. They must not infer a deadline from an unrelated record type.,True,Match,,8a073cad84ed4b08a2f7cef3f4db050b/p2-4.7,Covered,Review required
RS,R-8F2800010EB4,Teams are encouraged to rehearse one incident scenario each month and document a specific improvement to the response procedure.,Teams are encouraged to rehearse one incident scenario each month and document a specific improvement to the response procedure.,True,Match,,5a6b00e4d96e4e7084b19fbabc414bc2/p2-4.8,Covered,Review required
RS,R-90FF05CBE79C,"HR must assign an onboarding plan based on role, experience, location and applicable requirements. Prior experience may change practice difficulty but must not remove mandatory acknowledgements.","HR must assign an onboarding plan based on role, experience, location and applicable requirements. Prior experience may change practice difficulty but must not remove mandatory acknowledgements.",True,Match,,8befbcac4db04e0a8e829c57dcdd2170/p1-4.2,Covered,Review required
RS,R-921011B44D9A,Employees must access and collect only the customer fields needed for an assigned task. Full identity documents must not be requested for routine parcel tracking.,Employees must access and collect only the customer fields needed for an assigned task. Full identity documents must not be requested for routine parcel tracking.,True,Match,,29ae0ea0fd4848979e33a622147640f9/p1-4.2,Covered,Review required
RS,R-9219901BB6BC,"The first available responder must create an incident record containing observed facts, discovery time, affected services and initial actions. Speculation must be labelled and credentials must be excluded.","The first available responder must create an incident record containing observed facts, discovery time, affected services and initial actions. Speculation must be labelled and credentials must be excluded.",True,Match,,5a6b00e4d96e4e7084b19fbabc414bc2/p1-4.3,Covered,Review required
RS,R-97784A35A8C5,"During an activated continuity event, the incident lead must issue an internal status checkpoint at least every 30 elapsed minutes until normal service resumes. A checkpoint must state current impact, owner and next update time.","During an activated continuity event, the incident lead must issue an internal status checkpoint at least every 30 elapsed minutes until normal service resumes. A checkpoint must state current impact, owner and next update time.",True,Match,,fbf2b8d8ccbf4468aaf55fce005135f5/p1-4.1,Covered,Review required
RS,R-9DDB4F577CF4,"Record owners must correct errors through an auditable amendment recording author, time and reason. Original transaction values must not be overwritten without history.","Record owners must correct errors through an auditable amendment recording author, time and reason. Original transaction values must not be overwritten without history.",True,Match,,8a073cad84ed4b08a2f7cef3f4db050b/p1-4.4,Covered,Review required
RS,R-A02B6591FBA8,The Returns Specialist must check the recorded merchant service terms and approved return reason before deciding eligibility. Missing or conflicting terms require Operations Manager review.,The Returns Specialist must check the recorded merchant service terms and approved return reason before deciding eligibility. Missing or conflicting terms require Operations Manager review.,True,Match,,98a0f5f89cce430e83dba60674eaf51f/p1-4.2,Covered,Review required
RS,R-A06FEDAFAE57,The Returns Specialist must reconcile physical disposition and the financial outcome before closing a return. Any unresolved balance or custody issue must remain visible.,The Returns Specialist must reconcile physical disposition and the financial outcome before closing a return. Any unresolved balance or custody issue must remain visible.,True,Match,,98a0f5f89cce430e83dba60674eaf51f/p2-4.7,Covered,Review required
RS,R-9E55F0D1F340,The Returns Specialist may summarize recurring return causes for merchant reviews using aggregated information.,The Returns Specialist may summarize recurring return causes for merchant reviews using aggregated information.,True,Match,,98a0f5f89cce430e83dba60674eaf51f/p2-4.8,Covered,Review required
RS,R-A9DAFEDE9F59,"Employees must activate multifactor authentication before accessing email, remote access or systems holding customer records. IT must provide an approved recovery method rather than disabling the requirement.","Employees must activate multifactor authentication before accessing email, remote access or systems holding customer records. IT must provide an approved recovery method rather than disabling the requirement.",True,Match,,a74212e00516450eb8f093cdf4ba9261/p1-4.3,Covered,Review required
RS,R-A58C9C4E3A41,Employees must pause the affected activity and ask the document owner when two equally authoritative instructions conflict or a necessary limit is missing. The owner must record the resolution before work resumes.,Employees must pause the affected activity and ask the document owner when two equally authoritative instructions conflict or a necessary limit is missing. The owner must record the resolution before work resumes.,True,Match,,a30d6e8951e441a993e8caf97aac6c92/p2-4.7,Covered,Review required
RS,R-A93A8597F48D,"Managers must confirm required operational coverage before approving concurrent absences. If coverage cannot be arranged, the manager must record the reason and discuss alternative dates.","Managers must confirm required operational coverage before approving concurrent absences. If coverage cannot be arranged, the manager must record the reason and discuss alternative dates.",True,Match,,8fdf130200824965a79733d30e4c06f9/p2-4.6,Covered,Review required
RS,R-A79CA2D2BCA4,Employees are encouraged to discuss anticipated leave early so teams can plan coverage before a formal request is submitted.,Employees are encouraged to discuss anticipated leave early so teams can plan coverage before a formal request is submitted.,True,Match,,8fdf130200824965a79733d30e4c06f9/p2-4.8,Covered,Review required
RS,R-ABF97164BFCF,"Record owners must use approved disposal methods and retain a disposal log identifying category, date range, authorization and completion date. Disposal must not expose readable personal data.","Record owners must use approved disposal methods and retain a disposal log identifying category, date range, authorization and completion date. Disposal must not expose readable personal data.",True,Match,,8a073cad84ed4b08a2f7cef3f4db050b/p2-4.6,Covered,Review required
RS,R-AE0187016E1F,"Employees must disclose a personal or financial relationship with a merchant or supplier before participating in its selection, payment or complaint decision. The manager must assign an independent decision-maker.","Employees must disclose a personal or financial relationship with a merchant or supplier before participating in its selection, payment or complaint decision. The manager must assign an independent decision-maker.",True,Match,,73e1b29a357c41259bbdcc11a0632fa6/p1-4.3,Covered,Review required
RS,R-AFA0200593C6,"The Returns Specialist must create a return record linked to the shipment, reason and requesting party before inspection. A duplicate request must link to the existing return.","The Returns Specialist must create a return record linked to the shipment, reason and requesting party before inspection. A duplicate request must link to the existing return.",True,Match,,98a0f5f89cce430e83dba60674eaf51f/p1-4.1,Covered,Review required
RS,R-B491BB779BFC,Employees are encouraged to suggest improvements to workstation layout or parcel movement after discussing them with the supervisor.,Employees are encouraged to suggest improvements to workstation layout or parcel movement after discussing them with the supervisor.,True,Match,,727e0064e34d4dae893833f832bc8b10/p2-4.8,Covered,Review required
RS,R-C0183A0DD53E,Reviewers must verify required evidence before recording completion. Reading a module alone does not demonstrate practical competence or substitute for a required policy acknowledgement.,Reviewers must verify required evidence before recording completion. Reading a module alone does not demonstrate practical competence or substitute for a required policy acknowledgement.,True,Match,,8befbcac4db04e0a8e829c57dcdd2170/p2-4.6,Covered,Review required
RS,R-C536107E2F1C,Employees must record near misses even when no injury or damage occurs. The supervisor must assign a corrective action owner and verify completion.,Employees must record near misses even when no injury or damage occurs. The supervisor must assign a corrective action owner and verify completion.,True,Match,,727e0064e34d4dae893833f832bc8b10/p2-4.7,Covered,Review required
RS,R-CACCDCA035FC,"HR must record each employee role, department, joining date and reporting manager before assigning onboarding. A temporary role change requires a recorded start date, end date and additional requirements.","HR must record each employee role, department, joining date and reporting manager before assigning onboarding. A temporary role change requires a recorded start date, end date and additional requirements.",True,Match,,a30d6e8951e441a993e8caf97aac6c92/p2-4.5,Covered,Review required
RS,R-D0408C78E0C0,"The Returns Specialist must obtain a recorded disposition decision before returning stock to a merchant, restocking or disposing of goods. Disputed ownership requires a hold.","The Returns Specialist must obtain a recorded disposition decision before returning stock to a merchant, restocking or disposing of goods. Disputed ownership requires a hold.",True,Match,,98a0f5f89cce430e83dba60674eaf51f/p2-4.6,Covered,Review required
RS,R-D1ACEA25E7B8,The incident lead must obtain an IT health check and an operational sample check before declaring normal service restored. A login screen alone is not evidence of end-to-end recovery.,The incident lead must obtain an IT health check and an operational sample check before declaring normal service restored. A login screen alone is not evidence of end-to-end recovery.,True,Match,,fbf2b8d8ccbf4468aaf55fce005135f5/p2-4.6,Covered,Review required
RS,R-D2368CFD2806,Employees must obtain IT approval before installing software or browser extensions on company devices. IT must verify business purpose and permitted access before approval.,Employees must obtain IT approval before installing software or browser extensions on company devices. IT must verify business purpose and permitted access before approval.,True,Match,,a74212e00516450eb8f093cdf4ba9261/p2-4.6,Covered,Review required
RS,R-D392A5246074,"The Returns Specialist must obtain Operations Manager approval for a recommended refund above PKR 10,000 before forwarding it to Finance. Splitting a refund to avoid approval is prohibited.","The Returns Specialist must obtain Operations Manager approval for a recommended refund above PKR 10,000 before forwarding it to Finance. Splitting a refund to avoid approval is prohibited.",True,Match,,98a0f5f89cce430e83dba60674eaf51f/p2-4.5,Covered,Review required
RS,R-D460F8370B7B,Employees entering marked warehouse handling zones must wear the posted protective equipment. The supervisor must stop the task if suitable equipment is unavailable.,Employees entering marked warehouse handling zones must wear the posted protective equipment. The supervisor must stop the task if suitable equipment is unavailable.,True,Match,,727e0064e34d4dae893833f832bc8b10/p1-4.4,Covered,Review required
RS,R-D61B18CC5452,"Employees must store API keys and service credentials only in approved secret storage and must not include them in source repositories, screenshots, training examples or support tickets.","Employees must store API keys and service credentials only in approved secret storage and must not include them in source repositories, screenshots, training examples or support tickets.",True,Match,,a74212e00516450eb8f093cdf4ba9261/p2-4.7,Covered,Review required
RS,R-DCBEFFCDEA97,Only the incident lead or a designated spokesperson may issue incident updates to merchants or customers. Updates must distinguish confirmed impact from investigation assumptions.,Only the incident lead or a designated spokesperson may issue incident updates to merchants or customers. Updates must distinguish confirmed impact from investigation assumptions.,True,Match,,5a6b00e4d96e4e7084b19fbabc414bc2/p2-4.6,Covered,Review required
RS,R-DE731D4155C3,"Employees may suggest removal of unnecessary personal-data fields from forms, reports or dashboards to the relevant process owner.","Employees may suggest removal of unnecessary personal-data fields from forms, reports or dashboards to the relevant process owner.",True,Match,,29ae0ea0fd4848979e33a622147640f9/p2-4.8,Covered,Review required
RS,R-E8193BEEB971,"Employees must classify an incident as critical when it involves immediate physical danger, suspected exposure of customer data or complete loss of dispatch capability. Where severity is uncertain, they must escalate as critical pending review.","Employees must classify an incident as critical when it involves immediate physical danger, suspected exposure of customer data or complete loss of dispatch capability. Where severity is uncertain, they must escalate as critical pending review.",True,Match,,5a6b00e4d96e4e7084b19fbabc414bc2/p1-4.2,Covered,Review required
RS,R-ED681FEEAECA,Employees must check shipment and transaction identifiers before entering recovered work into the restored system. Potential duplicates must be held for review rather than posted again.,Employees must check shipment and transaction identifiers before entering recovered work into the restored system. Potential duplicates must be held for review rather than posted again.,True,Match,,fbf2b8d8ccbf4468aaf55fce005135f5/p2-4.5,Covered,Review required
RS,R-EF92A576A545,"Training managers must distribute learning across Day 1, Week 1, Week 2 and First 30 Days. Mandatory operational deadlines and prerequisites take priority over a convenient stage label.","Training managers must distribute learning across Day 1, Week 1, Week 2 and First 30 Days. Mandatory operational deadlines and prerequisites take priority over a convenient stage label.",True,Match,,8befbcac4db04e0a8e829c57dcdd2170/p1-4.3,Covered,Review required
RS,R-F0DD273F245B,Employees must report a non-urgent safety concern before the end of the current shift. An immediate danger requires stopping the activity and alerting the shift supervisor at once.,Employees must report a non-urgent safety concern before the end of the current shift. An immediate danger requires stopping the activity and alerting the shift supervisor at once.,True,Match,,727e0064e34d4dae893833f832bc8b10/p1-4.1,Covered,Review required
RS,R-F2B0834EAC46,HR must restrict medical or other sensitive absence details to authorized People Operations staff. Operational managers receive only information needed to arrange work.,HR must restrict medical or other sensitive absence details to authorized People Operations staff. Operational managers receive only information needed to arrange work.,True,Match,,8fdf130200824965a79733d30e4c06f9/p2-4.7,Covered,Review required
RS,R-F5B21126DE8B,The Returns Specialist must recommend an eligible refund amount with evidence but must not execute payment. The Finance Associate processes independently approved refunds under SOP-16.,The Returns Specialist must recommend an eligible refund amount with evidence but must not execute payment. The Finance Associate processes independently approved refunds under SOP-16.,True,Match,,98a0f5f89cce430e83dba60674eaf51f/p1-4.4,Covered,Review required
RS,R-F5F5437807FF,"The Operations Manager must identify scope, owner and start date when issuing a preservation hold. Record owners must suspend scheduled deletion for the named records until written release.","The Operations Manager must identify scope, owner and start date when issuing a preservation hold. Record owners must suspend scheduled deletion for the named records until written release.",True,Match,,8a073cad84ed4b08a2f7cef3f4db050b/p2-4.5,Covered,Review required
RS,R-F7193D95C1AD,Employees are encouraged to arrange a weekly discussion with an experienced colleague during the first month to clarify workflows and identify useful practice.,Employees are encouraged to arrange a weekly discussion with an experienced colleague during the first month to clarify workflows and identify useful practice.,True,Match,,a30d6e8951e441a993e8caf97aac6c92/p2-4.8,Covered,Review required
RS,R-FB974B986599,"The incident lead must record recovery evidence, outstanding risks and corrective action owners before closure. The Operations Manager must review critical incidents within 2 working days after restoration.","The incident lead must record recovery evidence, outstanding risks and corrective action owners before closure. The Operations Manager must review critical incidents within 2 working days after restoration.",True,Match,,5a6b00e4d96e4e7084b19fbabc414bc2/p2-4.7,Covered,Review required
RS,R-FF0FD20BF415,Employees must complete core orientation within 2 working days of joining. HR must schedule a replacement session within that deadline if the original session is cancelled.,Employees must complete core orientation within 2 working days of joining. HR must schedule a replacement session within that deadline if the original session is cancelled.,True,Match,,8befbcac4db04e0a8e829c57dcdd2170/p1-4.1,Covered,Review required
RS,R-FC2BF34B9517,Employees must use individually assigned accounts and must not share passwords or authentication codes. Service accounts require a named IT owner and must not be used for routine interactive work.,Employees must use individually assigned accounts and must not share passwords or authentication codes. Service accounts require a named IT owner and must not be used for routine interactive work.,True,Match,,a74212e00516450eb8f093cdf4ba9261/p1-4.2,Covered,Review required
RS,R-FDB3D0561A1B,"Employees must follow the latest effective approved policy, then the applicable SOP, then an approved role guide, then an FAQ. A lower-authority document cannot override a policy; unresolved conflicts go to the policy owner before action.","Employees must follow the latest effective approved policy, then the applicable SOP, then an approved role guide, then an FAQ. A lower-authority document cannot override a policy; unresolved conflicts go to the policy owner before action.",True,Match,,a30d6e8951e441a993e8caf97aac6c92/p1-4.2,Covered,Review required
RS,R-FE4A4F93E455,Employees must notify the duty Operations Manager within 15 elapsed minutes of discovering a critical incident. Immediate emergency or containment actions must not wait for a ticket; the notification record must follow as soon as practical.,Employees must notify the duty Operations Manager within 15 elapsed minutes of discovering a critical incident. Immediate emergency or containment actions must not wait for a ticket; the notification record must follow as soon as practical.,True,Match,,5a6b00e4d96e4e7084b19fbabc414bc2/p1-4.1,Covered,Review required
MS,R-0247D1BC923B,"Employees must acknowledge the current handbook within 1 working day of joining. If access is unavailable, HR records the outage and obtains a supervised paper acknowledgement within the same period.","Employees must acknowledge the current handbook within 1 working day of joining. If access is unavailable, HR records the outage and obtains a supervised paper acknowledgement within the same period.",True,Match,,a30d6e8951e441a993e8caf97aac6c92/p1-4.1,Covered,Review required
MS,R-00D790D2F6DF,"Employees must notify the manager as soon as reasonably possible when an emergency prevents attendance. Where the employee cannot communicate, HR must accept notification from a nominated contact and record the circumstances.","Employees must notify the manager as soon as reasonably possible when an emergency prevents attendance. Where the employee cannot communicate, HR must accept notification from a nominated contact and record the circumstances.",True,Match,,8fdf130200824965a79733d30e4c06f9/p1-4.3,Covered,Review required
MS,R-026FDABD5735,"Managers must review employee readiness by the end of the first 30 calendar days and document remaining gaps, supervised-work limits and follow-up dates.","Managers must review employee readiness by the end of the first 30 calendar days and document remaining gaps, supervised-work limits and follow-up dates.",True,Match,,8befbcac4db04e0a8e829c57dcdd2170/p2-4.7,Covered,Review required
MS,R-01A5ED733FCA,Record owners are encouraged to review archive searchability quarterly and propose improvements to naming or indexing.,Record owners are encouraged to review archive searchability quarterly and propose improvements to naming or indexing.,True,Match,,8a073cad84ed4b08a2f7cef3f4db050b/p2-4.8,Covered,Review required
MS,R-02E88985DB7B,Employees must store operational evidence in the approved case or document repository. A local copy must not become the sole record of a decision or transaction.,Employees must store operational evidence in the approved case or document repository. A local copy must not become the sole record of a decision or transaction.,True,Match,,8a073cad84ed4b08a2f7cef3f4db050b/p1-4.3,Covered,Review required
MS,R-06A38872D72D,Employees must stop an unintended transfer where possible and report suspected disclosure through POL-09 immediately. They must preserve evidence and must not conceal or silently delete the incident history.,Employees must stop an unintended transfer where possible and report suspected disclosure through POL-09 immediately. They must preserve evidence and must not conceal or silently delete the incident history.,True,Match,,29ae0ea0fd4848979e33a622147640f9/p2-4.7,Covered,Review required
MS,R-075FAF90FBA4,The Merchant Success Executive must review open merchant issues at least weekly and record the accountable owner and next action for each unresolved issue.,The Merchant Success Executive must review open merchant issues at least weekly and record the accountable owner and next action for each unresolved issue.,True,Match,,114aad5df71c42f0a1dd14c6c47d4f68/p2-4.6,Covered,Review required
MS,R-08FF3809E4D8,"Employees must communicate respectfully and must not harass, threaten or discriminate against another person. A witness must report concerns through the confidential HR channel without circulating the allegation to colleagues.","Employees must communicate respectfully and must not harass, threaten or discriminate against another person. A witness must report concerns through the confidential HR channel without circulating the allegation to colleagues.",True,Match,,73e1b29a357c41259bbdcc11a0632fa6/p1-4.2,Covered,Review required
MS,R-09ED55951BF3,Employees must score at least 80 percent on mandatory knowledge assessments. A failed attempt requires targeted revision and another attempt; the original result must remain recorded.,Employees must score at least 80 percent on mandatory knowledge assessments. A failed attempt requires targeted revision and another attempt; the original result must remain recorded.,True,Match,,8befbcac4db04e0a8e829c57dcdd2170/p1-4.4,Covered,Review required
MS,R-0A5D19127D72,Employees must request correction of an inaccurate attendance entry within 2 working days of discovering it. HR must retain the original value and the evidence supporting correction.,Employees must request correction of an inaccurate attendance entry within 2 working days of discovering it. HR must retain the original value and the evidence supporting correction.,True,Match,,8fdf130200824965a79733d30e4c06f9/p2-4.5,Covered,Review required
MS,R-0AB9BB1F1147,Document owners must link each revision to the superseded version and identify changed sections. Employees must use the version effective on the date of the activity; historical copies remain available for audit.,Document owners must link each revision to the superseded version and identify changed sections. Employees must use the version effective on the date of the activity; historical copies remain available for audit.,True,Match,,a30d6e8951e441a993e8caf97aac6c92/p1-4.4,Covered,Review required
MS,R-0EFA01E01C84,The duty Operations Manager must appoint an incident lead and record the handover. IT leads technical containment while the incident lead coordinates business decisions and communications.,The duty Operations Manager must appoint an incident lead and record the handover. IT leads technical containment while the incident lead coordinates business decisions and communications.,True,Match,,5a6b00e4d96e4e7084b19fbabc414bc2/p1-4.4,Covered,Review required
MS,R-15C4487260AD,Employees must delete approved temporary customer-data exports within 24 elapsed hours after the approved task ends. A documented preservation hold suspends deletion only for the records identified in that hold.,Employees must delete approved temporary customer-data exports within 24 elapsed hours after the approved task ends. A documented preservation hold suspends deletion only for the records identified in that hold.,True,Match,,29ae0ea0fd4848979e33a622147640f9/p1-4.1,Covered,Review required
MS,R-16B26D69B2E7,Employees must complete the relevant prerequisite training before independently performing restricted tasks. A manager may arrange supervised practice but must not mark an unmet prerequisite complete.,Employees must complete the relevant prerequisite training before independently performing restricted tasks. A manager may arrange supervised practice but must not mark an unmet prerequisite complete.,True,Match,,a30d6e8951e441a993e8caf97aac6c92/p2-4.6,Covered,Review required
MS,R-172546FABD6A,Employees must assess parcel weight and route before lifting and must request approved handling assistance when the posted safe-handling limit is exceeded. They must not invent a universal weight limit where a task assessment is required.,Employees must assess parcel weight and route before lifting and must request approved handling assistance when the posted safe-handling limit is exceeded. They must not invent a universal weight limit where a task assessment is required.,True,Match,,727e0064e34d4dae893833f832bc8b10/p2-4.6,Covered,Review required
MS,R-1796405D6767,Employees must demonstrate the critical steps of a role task to an authorized assessor before independent work. A numerical score cannot compensate for a failed safety or privacy critical step.,Employees must demonstrate the critical steps of a role task to an authorized assessor before independent work. A numerical score cannot compensate for a failed safety or privacy critical step.,True,Match,,8befbcac4db04e0a8e829c57dcdd2170/p2-4.5,Covered,Review required
MS,R-20D520DA4A8A,Employees must verify the requester using the approved workflow before disclosing shipment details. A shipment number alone does not authorize disclosure of the recipient address or contact details.,Employees must verify the requester using the approved workflow before disclosing shipment details. A shipment number alone does not authorize disclosure of the recipient address or contact details.,True,Match,,29ae0ea0fd4848979e33a622147640f9/p1-4.3,Covered,Review required
MS,R-21F568318B33,Employees are encouraged to discuss routine process frustrations privately with their manager and suggest a specific improvement supported by an example.,Employees are encouraged to discuss routine process frustrations privately with their manager and suggest a specific improvement supported by an example.,True,Match,,73e1b29a357c41259bbdcc11a0632fa6/p2-4.8,Covered,Review required
MS,R-22EF4F7274A6,The Merchant Success Executive must obtain Operations Manager approval before committing to exceptional service levels or changes affecting delivery capacity.,The Merchant Success Executive must obtain Operations Manager approval before committing to exceptional service levels or changes affecting delivery capacity.,True,Match,,114aad5df71c42f0a1dd14c6c47d4f68/p2-4.5,Covered,Review required
MS,R-239FAF9F2EB5,"Document owners must record document ID, owner, version, approval role and effective date before release. An unapproved draft must not be used to assign mandatory training.","Document owners must record document ID, owner, version, approval role and effective date before release. An unapproved draft must not be used to assign mandatory training.",True,Match,,a30d6e8951e441a993e8caf97aac6c92/p1-4.3,Covered,Review required
MS,R-2A86AFDA4BA8,Employees must use only the approved numbered fallback forms or controlled offline register during an outage. Personal notebooks and unapproved messaging groups must not hold customer records.,Employees must use only the approved numbered fallback forms or controlled offline register during an outage. Personal notebooks and unapproved messaging groups must not hold customer records.,True,Match,,fbf2b8d8ccbf4468aaf55fce005135f5/p1-4.3,Covered,Review required
MS,R-3FA4398B68F7,The Merchant Success Executive must brief the merchant on the approved prohibited-item list and escalation route before the first shipment. Unlisted uncertain items require Operations Manager review.,The Merchant Success Executive must brief the merchant on the approved prohibited-item list and escalation route before the first shipment. Unlisted uncertain items require Operations Manager review.,True,Match,,114aad5df71c42f0a1dd14c6c47d4f68/p1-4.3,Covered,Review required
MS,R-4105856ED949,"Employees must report suspicious links, attachments or unexpected authentication requests to IT without opening them. If already opened, the employee must report the action and follow the incident process in POL-09.","Employees must report suspicious links, attachments or unexpected authentication requests to IT without opening them. If already opened, the employee must report the action and follow the incident process in POL-09.",True,Match,,a74212e00516450eb8f093cdf4ba9261/p2-4.5,Covered,Review required
MS,R-416209DCE36D,Employees must lock an unattended workstation immediately and configure automatic locking after no more than 5 minutes of inactivity. Shared warehouse terminals follow the same limit.,Employees must lock an unattended workstation immediately and configure automatic locking after no more than 5 minutes of inactivity. Shared warehouse terminals follow the same limit.,True,Match,,a74212e00516450eb8f093cdf4ba9261/p1-4.1,Covered,Review required
MS,R-460EAA2B4275,"Only the duty Operations Manager may activate the continuity procedure after assessing service impact. If immediate danger exists, employees must take the safety actions in POL-08 without waiting for activation.","Only the duty Operations Manager may activate the continuity procedure after assessing service impact. If immediate danger exists, employees must take the safety actions in POL-08 without waiting for activation.",True,Match,,fbf2b8d8ccbf4468aaf55fce005135f5/p1-4.2,Covered,Review required
MS,R-4A2C5688825E,Employees must submit a planned absence request at least 3 working days before the proposed start. The manager may approve shorter notice only after recording a coverage arrangement.,Employees must submit a planned absence request at least 3 working days before the proposed start. The manager may approve shorter notice only after recording a coverage arrangement.,True,Match,,8fdf130200824965a79733d30e4c06f9/p1-4.1,Covered,Review required
MS,R-4A6727C8C054,Managers must not disadvantage a person for raising a good-faith concern or participating in an investigation. Any alleged retaliation must be referred to the Managing Director.,Managers must not disadvantage a person for raising a good-faith concern or participating in an investigation. Any alleged retaliation must be referred to the Managing Director.,True,Match,,73e1b29a357c41259bbdcc11a0632fa6/p2-4.6,Covered,Review required
MS,R-4C4FDAD22DCE,Employees must stop work and use the signed evacuation route when the alarm sounds. They must report to the assembly point and must not re-enter until the incident lead authorizes it.,Employees must stop work and use the signed evacuation route when the alarm sounds. They must report to the assembly point and must not re-enter until the incident lead authorizes it.,True,Match,,727e0064e34d4dae893833f832bc8b10/p1-4.2,Covered,Review required
MS,R-50AFD826669E,"Employees hosting a visitor must arrange registration, a visible visitor pass and an escort in restricted areas. Visitors must not use employee access credentials.","Employees hosting a visitor must arrange registration, a visible visitor pass and an escort in restricted areas. Visitors must not use employee access credentials.",True,Match,,727e0064e34d4dae893833f832bc8b10/p2-4.5,Covered,Review required
MS,R-521A7E7E5CE2,"Employees must log access, correction or deletion requests and refer them to the Operations Manager on the same working day. Employees must not promise deletion before checking preservation requirements.","Employees must log access, correction or deletion requests and refer them to the Operations Manager on the same working day. Employees must not promise deletion before checking preservation requirements.",True,Match,,29ae0ea0fd4848979e33a622147640f9/p2-4.6,Covered,Review required
MS,R-54140A92ACBD,"Employees must record only shipment ID, action, time and assigned operator in the fallback register. Additional personal data requires explicit incident-lead approval and privacy controls.","Employees must record only shipment ID, action, time and assigned operator in the fallback register. Additional personal data requires explicit incident-lead approval and privacy controls.",True,Match,,fbf2b8d8ccbf4468aaf55fce005135f5/p1-4.4,Covered,Review required
MS,R-541FB3AC9BE0,Employees are encouraged to complete optional phishing simulations and discuss the warning signs with IT after the exercise.,Employees are encouraged to complete optional phishing simulations and discuss the warning signs with IT after the exercise.,True,Match,,a74212e00516450eb8f093cdf4ba9261/p2-4.8,Covered,Review required
MS,R-56209CC63AA4,Employees must not operate powered warehouse equipment without documented authorization and task-specific training. Observing another operator does not grant authorization.,Employees must not operate powered warehouse equipment without documented authorization and task-specific training. Observing another operator does not grant authorization.,True,Match,,727e0064e34d4dae893833f832bc8b10/p1-4.3,Covered,Review required
MS,R-5C483711F6BE,"HR must retain onboarding acknowledgements, assessment attempts and readiness decisions for 24 months after the employee leaves the company, unless a preservation hold applies.","HR must retain onboarding acknowledgements, assessment attempts and readiness decisions for 24 months after the employee leaves the company, unless a preservation hold applies.",True,Match,,8a073cad84ed4b08a2f7cef3f4db050b/p1-4.2,Covered,Review required
MS,R-62750DC24AD9,Employees must use company-managed devices or an explicitly approved device profile to access restricted data. Personal storage services must not receive company files.,Employees must use company-managed devices or an explicitly approved device profile to access restricted data. Personal storage services must not receive company files.,True,Match,,a74212e00516450eb8f093cdf4ba9261/p1-4.4,Covered,Review required
MS,R-6333B99CFAF1,"Employees must transfer open tasks, critical deadlines and escalation contacts to the designated cover before planned absence. Customer personal data must remain in approved systems.","Employees must transfer open tasks, critical deadlines and escalation contacts to the designated cover before planned absence. Customer personal data must remain in approved systems.",True,Match,,8fdf130200824965a79733d30e4c06f9/p1-4.4,Covered,Review required
MS,R-63363D5F1647,"Employees may propose a simpler fallback step after a rehearsal, provided the proposal preserves privacy, traceability and independent approval.","Employees may propose a simpler fallback step after a rehearsal, provided the proposal preserves privacy, traceability and independent approval.",True,Match,,fbf2b8d8ccbf4468aaf55fce005135f5/p2-4.8,Covered,Review required
MS,R-65621E95FCDC,"Employees must declare any offered gift valued above PKR 1,000 to HR before accepting it. Cash and cash-equivalent gifts are prohibited at any value; splitting a gift does not avoid this rule.","Employees must declare any offered gift valued above PKR 1,000 to HR before accepting it. Cash and cash-equivalent gifts are prohibited at any value; splitting a gift does not avoid this rule.",True,Match,,73e1b29a357c41259bbdcc11a0632fa6/p1-4.1,Covered,Review required
MS,R-67BE00C0C731,"Assigned record owners must reconcile fallback entries within 1 working day of restoration, resolve mismatches and dispose of temporary copies according to POL-06 and POL-07.","Assigned record owners must reconcile fallback entries within 1 working day of restoration, resolve mismatches and dispose of temporary copies according to POL-06 and POL-07.",True,Match,,fbf2b8d8ccbf4468aaf55fce005135f5/p2-4.7,Covered,Review required
MS,R-6A27F9B64A77,Employees must use fictional or irreversibly anonymized customer examples in training and demonstrations. Replacing a name alone does not anonymize a record containing a real telephone number or address.,Employees must use fictional or irreversibly anonymized customer examples in training and demonstrations. Replacing a name alone does not anonymize a record containing a real telephone number or address.,True,Match,,29ae0ea0fd4848979e33a622147640f9/p2-4.5,Covered,Review required
MS,R-6A4D4713C188,Employees must obtain Managing Director approval before representing the company publicly or publishing customer-related material. Personal accounts must not disclose internal records.,Employees must obtain Managing Director approval before representing the company publicly or publishing customer-related material. Personal accounts must not disclose internal records.,True,Match,,73e1b29a357c41259bbdcc11a0632fa6/p2-4.7,Covered,Review required
MS,R-6AF4B1D576E8,"Employees must record actual events and must not fabricate delivery attempts, training completion, assessment results or approvals. Corrections must retain the original entry and the reason for amendment.","Employees must record actual events and must not fabricate delivery attempts, training completion, assessment results or approvals. Corrections must retain the original entry and the reason for amendment.",True,Match,,73e1b29a357c41259bbdcc11a0632fa6/p1-4.4,Covered,Review required
MS,R-77EA0AF82AE6,"Responders must preserve relevant logs, messages and event identifiers without modifying originals. Evidence access must be restricted to the response team and a preservation hold applied where necessary.","Responders must preserve relevant logs, messages and event identifiers without modifying originals. Evidence access must be restricted to the response team and a preservation hold applied where necessary.",True,Match,,5a6b00e4d96e4e7084b19fbabc414bc2/p2-4.5,Covered,Review required
MS,R-788101420862,"Employees must use the confidential HR channel to report misconduct. If the concern involves HR, the report must go directly to the Managing Director.","Employees must use the confidential HR channel to report misconduct. If the concern involves HR, the report must go directly to the Managing Director.",True,Match,,73e1b29a357c41259bbdcc11a0632fa6/p2-4.5,Covered,Review required
MS,R-796BDA01E379,"Employees must obtain recorded approval before taking planned leave. Submission alone is not approval, and employees must not approve their own request.","Employees must obtain recorded approval before taking planned leave. Submission alone is not approval, and employees must not approve their own request.",True,Match,,8fdf130200824965a79733d30e4c06f9/p1-4.2,Covered,Review required
MS,R-7ABC2572F614,Employees may select an optional development topic after agreeing the time allocation with their manager; optional learning must not delay mandatory training.,Employees may select an optional development topic after agreeing the time allocation with their manager; optional learning must not delay mandatory training.,True,Match,,8befbcac4db04e0a8e829c57dcdd2170/p2-4.8,Covered,Review required
MS,R-80EBF00AEAAB,Employees must transfer personal data only through approved company systems to authorized recipients. Personal messaging accounts and publicly accessible links are prohibited.,Employees must transfer personal data only through approved company systems to authorized recipients. Personal messaging accounts and publicly accessible links are prohibited.,True,Match,,29ae0ea0fd4848979e33a622147640f9/p1-4.4,Covered,Review required
MS,R-82C5E9AF0EBA,The Merchant Success Executive must refer requests to change settlement details to Finance verification and must not update bank details on an email instruction alone.,The Merchant Success Executive must refer requests to change settlement details to Finance verification and must not update bank details on an email instruction alone.,True,Match,,114aad5df71c42f0a1dd14c6c47d4f68/p2-4.7,Covered,Review required
MS,R-856AAFA35458,Record owners must retain routine delivery-event records for 180 calendar days after case closure. A documented preservation hold overrides routine deletion until the hold is formally released.,Record owners must retain routine delivery-event records for 180 calendar days after case closure. A documented preservation hold overrides routine deletion until the hold is formally released.,True,Match,,8a073cad84ed4b08a2f7cef3f4db050b/p1-4.1,Covered,Review required
MS,R-8BA18FD38761,Employees must refer records with no applicable retention category to the Operations Manager before deletion. They must not infer a deadline from an unrelated record type.,Employees must refer records with no applicable retention category to the Operations Manager before deletion. They must not infer a deadline from an unrelated record type.,True,Match,,8a073cad84ed4b08a2f7cef3f4db050b/p2-4.7,Covered,Review required
MS,R-8F2800010EB4,Teams are encouraged to rehearse one incident scenario each month and document a specific improvement to the response procedure.,Teams are encouraged to rehearse one incident scenario each month and document a specific improvement to the response procedure.,True,Match,,5a6b00e4d96e4e7084b19fbabc414bc2/p2-4.8,Covered,Review required
MS,R-90FF05CBE79C,"HR must assign an onboarding plan based on role, experience, location and applicable requirements. Prior experience may change practice difficulty but must not remove mandatory acknowledgements.","HR must assign an onboarding plan based on role, experience, location and applicable requirements. Prior experience may change practice difficulty but must not remove mandatory acknowledgements.",True,Match,,8befbcac4db04e0a8e829c57dcdd2170/p1-4.2,Covered,Review required
MS,R-921011B44D9A,Employees must access and collect only the customer fields needed for an assigned task. Full identity documents must not be requested for routine parcel tracking.,Employees must access and collect only the customer fields needed for an assigned task. Full identity documents must not be requested for routine parcel tracking.,True,Match,,29ae0ea0fd4848979e33a622147640f9/p1-4.2,Covered,Review required
MS,R-9219901BB6BC,"The first available responder must create an incident record containing observed facts, discovery time, affected services and initial actions. Speculation must be labelled and credentials must be excluded.","The first available responder must create an incident record containing observed facts, discovery time, affected services and initial actions. Speculation must be labelled and credentials must be excluded.",True,Match,,5a6b00e4d96e4e7084b19fbabc414bc2/p1-4.3,Covered,Review required
MS,R-97784A35A8C5,"During an activated continuity event, the incident lead must issue an internal status checkpoint at least every 30 elapsed minutes until normal service resumes. A checkpoint must state current impact, owner and next update time.","During an activated continuity event, the incident lead must issue an internal status checkpoint at least every 30 elapsed minutes until normal service resumes. A checkpoint must state current impact, owner and next update time.",True,Match,,fbf2b8d8ccbf4468aaf55fce005135f5/p1-4.1,Covered,Review required
MS,R-9DDB4F577CF4,"Record owners must correct errors through an auditable amendment recording author, time and reason. Original transaction values must not be overwritten without history.","Record owners must correct errors through an auditable amendment recording author, time and reason. Original transaction values must not be overwritten without history.",True,Match,,8a073cad84ed4b08a2f7cef3f4db050b/p1-4.4,Covered,Review required
MS,R-A9DAFEDE9F59,"Employees must activate multifactor authentication before accessing email, remote access or systems holding customer records. IT must provide an approved recovery method rather than disabling the requirement.","Employees must activate multifactor authentication before accessing email, remote access or systems holding customer records. IT must provide an approved recovery method rather than disabling the requirement.",True,Match,,a74212e00516450eb8f093cdf4ba9261/p1-4.3,Covered,Review required
MS,R-A58C9C4E3A41,Employees must pause the affected activity and ask the document owner when two equally authoritative instructions conflict or a necessary limit is missing. The owner must record the resolution before work resumes.,Employees must pause the affected activity and ask the document owner when two equally authoritative instructions conflict or a necessary limit is missing. The owner must record the resolution before work resumes.,True,Match,,a30d6e8951e441a993e8caf97aac6c92/p2-4.7,Covered,Review required
MS,R-A93A8597F48D,"Managers must confirm required operational coverage before approving concurrent absences. If coverage cannot be arranged, the manager must record the reason and discuss alternative dates.","Managers must confirm required operational coverage before approving concurrent absences. If coverage cannot be arranged, the manager must record the reason and discuss alternative dates.",True,Match,,8fdf130200824965a79733d30e4c06f9/p2-4.6,Covered,Review required
MS,R-A79CA2D2BCA4,Employees are encouraged to discuss anticipated leave early so teams can plan coverage before a formal request is submitted.,Employees are encouraged to discuss anticipated leave early so teams can plan coverage before a formal request is submitted.,True,Match,,8fdf130200824965a79733d30e4c06f9/p2-4.8,Covered,Review required
MS,R-ABF97164BFCF,"Record owners must use approved disposal methods and retain a disposal log identifying category, date range, authorization and completion date. Disposal must not expose readable personal data.","Record owners must use approved disposal methods and retain a disposal log identifying category, date range, authorization and completion date. Disposal must not expose readable personal data.",True,Match,,8a073cad84ed4b08a2f7cef3f4db050b/p2-4.6,Covered,Review required
MS,R-AD522FBC3B89,"The Merchant Success Executive must coordinate a supervised first-shipment check with Dispatch and confirm identifiers, labels and contacts before routine volume is accepted.","The Merchant Success Executive must coordinate a supervised first-shipment check with Dispatch and confirm identifiers, labels and contacts before routine volume is accepted.",True,Match,,114aad5df71c42f0a1dd14c6c47d4f68/p1-4.4,Covered,Review required
MS,R-AE0187016E1F,"Employees must disclose a personal or financial relationship with a merchant or supplier before participating in its selection, payment or complaint decision. The manager must assign an independent decision-maker.","Employees must disclose a personal or financial relationship with a merchant or supplier before participating in its selection, payment or complaint decision. The manager must assign an independent decision-maker.",True,Match,,73e1b29a357c41259bbdcc11a0632fa6/p1-4.3,Covered,Review required
MS,R-B491BB779BFC,Employees are encouraged to suggest improvements to workstation layout or parcel movement after discussing them with the supervisor.,Employees are encouraged to suggest improvements to workstation layout or parcel movement after discussing them with the supervisor.,True,Match,,727e0064e34d4dae893833f832bc8b10/p2-4.8,Covered,Review required
MS,R-C0183A0DD53E,Reviewers must verify required evidence before recording completion. Reading a module alone does not demonstrate practical competence or substitute for a required policy acknowledgement.,Reviewers must verify required evidence before recording completion. Reading a module alone does not demonstrate practical competence or substitute for a required policy acknowledgement.,True,Match,,8befbcac4db04e0a8e829c57dcdd2170/p2-4.6,Covered,Review required
MS,R-C536107E2F1C,Employees must record near misses even when no injury or damage occurs. The supervisor must assign a corrective action owner and verify completion.,Employees must record near misses even when no injury or damage occurs. The supervisor must assign a corrective action owner and verify completion.,True,Match,,727e0064e34d4dae893833f832bc8b10/p2-4.7,Covered,Review required
MS,R-CACCDCA035FC,"HR must record each employee role, department, joining date and reporting manager before assigning onboarding. A temporary role change requires a recorded start date, end date and additional requirements.","HR must record each employee role, department, joining date and reporting manager before assigning onboarding. A temporary role change requires a recorded start date, end date and additional requirements.",True,Match,,a30d6e8951e441a993e8caf97aac6c92/p2-4.5,Covered,Review required
MS,R-D1ACEA25E7B8,The incident lead must obtain an IT health check and an operational sample check before declaring normal service restored. A login screen alone is not evidence of end-to-end recovery.,The incident lead must obtain an IT health check and an operational sample check before declaring normal service restored. A login screen alone is not evidence of end-to-end recovery.,True,Match,,fbf2b8d8ccbf4468aaf55fce005135f5/p2-4.6,Covered,Review required
MS,R-D2368CFD2806,Employees must obtain IT approval before installing software or browser extensions on company devices. IT must verify business purpose and permitted access before approval.,Employees must obtain IT approval before installing software or browser extensions on company devices. IT must verify business purpose and permitted access before approval.,True,Match,,a74212e00516450eb8f093cdf4ba9261/p2-4.6,Covered,Review required
MS,R-D460F8370B7B,Employees entering marked warehouse handling zones must wear the posted protective equipment. The supervisor must stop the task if suitable equipment is unavailable.,Employees entering marked warehouse handling zones must wear the posted protective equipment. The supervisor must stop the task if suitable equipment is unavailable.,True,Match,,727e0064e34d4dae893833f832bc8b10/p1-4.4,Covered,Review required
MS,R-D61B18CC5452,"Employees must store API keys and service credentials only in approved secret storage and must not include them in source repositories, screenshots, training examples or support tickets.","Employees must store API keys and service credentials only in approved secret storage and must not include them in source repositories, screenshots, training examples or support tickets.",True,Match,,a74212e00516450eb8f093cdf4ba9261/p2-4.7,Covered,Review required
MS,R-D7853AE004A4,"The Merchant Success Executive must record agreed service zones, cutoffs, return conditions and billing terms in the approved agreement. Oral promises must not alter recorded terms.","The Merchant Success Executive must record agreed service zones, cutoffs, return conditions and billing terms in the approved agreement. Oral promises must not alter recorded terms.",True,Match,,114aad5df71c42f0a1dd14c6c47d4f68/p1-4.2,Covered,Review required
MS,R-DCBEFFCDEA97,Only the incident lead or a designated spokesperson may issue incident updates to merchants or customers. Updates must distinguish confirmed impact from investigation assumptions.,Only the incident lead or a designated spokesperson may issue incident updates to merchants or customers. Updates must distinguish confirmed impact from investigation assumptions.,True,Match,,5a6b00e4d96e4e7084b19fbabc414bc2/p2-4.6,Covered,Review required
MS,R-DE731D4155C3,"Employees may suggest removal of unnecessary personal-data fields from forms, reports or dashboards to the relevant process owner.","Employees may suggest removal of unnecessary personal-data fields from forms, reports or dashboards to the relevant process owner.",True,Match,,29ae0ea0fd4848979e33a622147640f9/p2-4.8,Covered,Review required
MS,R-E8193BEEB971,"Employees must classify an incident as critical when it involves immediate physical danger, suspected exposure of customer data or complete loss of dispatch capability. Where severity is uncertain, they must escalate as critical pending review.","Employees must classify an incident as critical when it involves immediate physical danger, suspected exposure of customer data or complete loss of dispatch capability. Where severity is uncertain, they must escalate as critical pending review.",True,Match,,5a6b00e4d96e4e7084b19fbabc414bc2/p1-4.2,Covered,Review required
MS,R-ED681FEEAECA,Employees must check shipment and transaction identifiers before entering recovered work into the restored system. Potential duplicates must be held for review rather than posted again.,Employees must check shipment and transaction identifiers before entering recovered work into the restored system. Potential duplicates must be held for review rather than posted again.,True,Match,,fbf2b8d8ccbf4468aaf55fce005135f5/p2-4.5,Covered,Review required
MS,R-EF4BFA964D7C,The Merchant Success Executive may provide a monthly service-improvement summary based on approved aggregated performance data.,The Merchant Success Executive may provide a monthly service-improvement summary based on approved aggregated performance data.,True,Match,,114aad5df71c42f0a1dd14c6c47d4f68/p2-4.8,Covered,Review required
MS,R-EF92A576A545,"Training managers must distribute learning across Day 1, Week 1, Week 2 and First 30 Days. Mandatory operational deadlines and prerequisites take priority over a convenient stage label.","Training managers must distribute learning across Day 1, Week 1, Week 2 and First 30 Days. Mandatory operational deadlines and prerequisites take priority over a convenient stage label.",True,Match,,8befbcac4db04e0a8e829c57dcdd2170/p1-4.3,Covered,Review required
MS,R-F0DD273F245B,Employees must report a non-urgent safety concern before the end of the current shift. An immediate danger requires stopping the activity and alerting the shift supervisor at once.,Employees must report a non-urgent safety concern before the end of the current shift. An immediate danger requires stopping the activity and alerting the shift supervisor at once.,True,Match,,727e0064e34d4dae893833f832bc8b10/p1-4.1,Covered,Review required
MS,R-F2B0834EAC46,HR must restrict medical or other sensitive absence details to authorized People Operations staff. Operational managers receive only information needed to arrange work.,HR must restrict medical or other sensitive absence details to authorized People Operations staff. Operational managers receive only information needed to arrange work.,True,Match,,8fdf130200824965a79733d30e4c06f9/p2-4.7,Covered,Review required
MS,R-F5F5437807FF,"The Operations Manager must identify scope, owner and start date when issuing a preservation hold. Record owners must suspend scheduled deletion for the named records until written release.","The Operations Manager must identify scope, owner and start date when issuing a preservation hold. Record owners must suspend scheduled deletion for the named records until written release.",True,Match,,8a073cad84ed4b08a2f7cef3f4db050b/p2-4.5,Covered,Review required
MS,R-F67AF6786D1C,The Merchant Success Executive must complete the approved merchant profile and verification checklist before activation. Missing verification evidence requires a hold and manager review.,The Merchant Success Executive must complete the approved merchant profile and verification checklist before activation. Missing verification evidence requires a hold and manager review.,True,Match,,114aad5df71c42f0a1dd14c6c47d4f68/p1-4.1,Covered,Review required
MS,R-F7193D95C1AD,Employees are encouraged to arrange a weekly discussion with an experienced colleague during the first month to clarify workflows and identify useful practice.,Employees are encouraged to arrange a weekly discussion with an experienced colleague during the first month to clarify workflows and identify useful practice.,True,Match,,a30d6e8951e441a993e8caf97aac6c92/p2-4.8,Covered,Review required
MS,R-FB974B986599,"The incident lead must record recovery evidence, outstanding risks and corrective action owners before closure. The Operations Manager must review critical incidents within 2 working days after restoration.","The incident lead must record recovery evidence, outstanding risks and corrective action owners before closure. The Operations Manager must review critical incidents within 2 working days after restoration.",True,Match,,5a6b00e4d96e4e7084b19fbabc414bc2/p2-4.7,Covered,Review required
MS,R-FF0FD20BF415,Employees must complete core orientation within 2 working days of joining. HR must schedule a replacement session within that deadline if the original session is cancelled.,Employees must complete core orientation within 2 working days of joining. HR must schedule a replacement session within that deadline if the original session is cancelled.,True,Match,,8befbcac4db04e0a8e829c57dcdd2170/p1-4.1,Covered,Review required
MS,R-FC2BF34B9517,Employees must use individually assigned accounts and must not share passwords or authentication codes. Service accounts require a named IT owner and must not be used for routine interactive work.,Employees must use individually assigned accounts and must not share passwords or authentication codes. Service accounts require a named IT owner and must not be used for routine interactive work.,True,Match,,a74212e00516450eb8f093cdf4ba9261/p1-4.2,Covered,Review required
MS,R-FDB3D0561A1B,"Employees must follow the latest effective approved policy, then the applicable SOP, then an approved role guide, then an FAQ. A lower-authority document cannot override a policy; unresolved conflicts go to the policy owner before action.","Employees must follow the latest effective approved policy, then the applicable SOP, then an approved role guide, then an FAQ. A lower-authority document cannot override a policy; unresolved conflicts go to the policy owner before action.",True,Match,,a30d6e8951e441a993e8caf97aac6c92/p1-4.2,Covered,Review required
MS,R-FE4A4F93E455,Employees must notify the duty Operations Manager within 15 elapsed minutes of discovering a critical incident. Immediate emergency or containment actions must not wait for a ticket; the notification record must follow as soon as practical.,Employees must notify the duty Operations Manager within 15 elapsed minutes of discovering a critical incident. Immediate emergency or containment actions must not wait for a ticket; the notification record must follow as soon as practical.,True,Match,,5a6b00e4d96e4e7084b19fbabc414bc2/p1-4.1,Covered,Review required
FA,R-0247D1BC923B,"Employees must acknowledge the current handbook within 1 working day of joining. If access is unavailable, HR records the outage and obtains a supervised paper acknowledgement within the same period.","Employees must acknowledge the current handbook within 1 working day of joining. If access is unavailable, HR records the outage and obtains a supervised paper acknowledgement within the same period.",True,Match,,a30d6e8951e441a993e8caf97aac6c92/p1-4.1,Covered,Review required
FA,R-004C0E171D05,The Finance Associate must verify return eligibility evidence and independent Operations Manager payment approval before processing any refund. The preparer must not approve the same payment.,The Finance Associate must verify return eligibility evidence and independent Operations Manager payment approval before processing any refund. The preparer must not approve the same payment.,True,Match,,24d754d98fe64952aa5ab7968f7aa182/p1-4.2,Covered,Review required
FA,R-00D790D2F6DF,"Employees must notify the manager as soon as reasonably possible when an emergency prevents attendance. Where the employee cannot communicate, HR must accept notification from a nominated contact and record the circumstances.","Employees must notify the manager as soon as reasonably possible when an emergency prevents attendance. Where the employee cannot communicate, HR must accept notification from a nominated contact and record the circumstances.",True,Match,,8fdf130200824965a79733d30e4c06f9/p1-4.3,Covered,Review required
FA,R-01A5ED733FCA,Record owners are encouraged to review archive searchability quarterly and propose improvements to naming or indexing.,Record owners are encouraged to review archive searchability quarterly and propose improvements to naming or indexing.,True,Match,,8a073cad84ed4b08a2f7cef3f4db050b/p2-4.8,Covered,Review required
FA,R-026FDABD5735,"Managers must review employee readiness by the end of the first 30 calendar days and document remaining gaps, supervised-work limits and follow-up dates.","Managers must review employee readiness by the end of the first 30 calendar days and document remaining gaps, supervised-work limits and follow-up dates.",True,Match,,8befbcac4db04e0a8e829c57dcdd2170/p2-4.7,Covered,Review required
FA,R-02E88985DB7B,Employees must store operational evidence in the approved case or document repository. A local copy must not become the sole record of a decision or transaction.,Employees must store operational evidence in the approved case or document repository. A local copy must not become the sole record of a decision or transaction.,True,Match,,8a073cad84ed4b08a2f7cef3f4db050b/p1-4.3,Covered,Review required
FA,R-06A38872D72D,Employees must stop an unintended transfer where possible and report suspected disclosure through POL-09 immediately. They must preserve evidence and must not conceal or silently delete the incident history.,Employees must stop an unintended transfer where possible and report suspected disclosure through POL-09 immediately. They must preserve evidence and must not conceal or silently delete the incident history.,True,Match,,29ae0ea0fd4848979e33a622147640f9/p2-4.7,Covered,Review required
FA,R-08FF3809E4D8,"Employees must communicate respectfully and must not harass, threaten or discriminate against another person. A witness must report concerns through the confidential HR channel without circulating the allegation to colleagues.","Employees must communicate respectfully and must not harass, threaten or discriminate against another person. A witness must report concerns through the confidential HR channel without circulating the allegation to colleagues.",True,Match,,73e1b29a357c41259bbdcc11a0632fa6/p1-4.2,Covered,Review required
FA,R-09ED55951BF3,Employees must score at least 80 percent on mandatory knowledge assessments. A failed attempt requires targeted revision and another attempt; the original result must remain recorded.,Employees must score at least 80 percent on mandatory knowledge assessments. A failed attempt requires targeted revision and another attempt; the original result must remain recorded.,True,Match,,8befbcac4db04e0a8e829c57dcdd2170/p1-4.4,Covered,Review required
FA,R-0A5D19127D72,Employees must request correction of an inaccurate attendance entry within 2 working days of discovering it. HR must retain the original value and the evidence supporting correction.,Employees must request correction of an inaccurate attendance entry within 2 working days of discovering it. HR must retain the original value and the evidence supporting correction.,True,Match,,8fdf130200824965a79733d30e4c06f9/p2-4.5,Covered,Review required
FA,R-0AB9BB1F1147,Document owners must link each revision to the superseded version and identify changed sections. Employees must use the version effective on the date of the activity; historical copies remain available for audit.,Document owners must link each revision to the superseded version and identify changed sections. Employees must use the version effective on the date of the activity; historical copies remain available for audit.,True,Match,,a30d6e8951e441a993e8caf97aac6c92/p1-4.4,Covered,Review required
FA,R-0EFA01E01C84,The duty Operations Manager must appoint an incident lead and record the handover. IT leads technical containment while the incident lead coordinates business decisions and communications.,The duty Operations Manager must appoint an incident lead and record the handover. IT leads technical containment while the incident lead coordinates business decisions and communications.,True,Match,,5a6b00e4d96e4e7084b19fbabc414bc2/p1-4.4,Covered,Review required
FA,R-15C4487260AD,Employees must delete approved temporary customer-data exports within 24 elapsed hours after the approved task ends. A documented preservation hold suspends deletion only for the records identified in that hold.,Employees must delete approved temporary customer-data exports within 24 elapsed hours after the approved task ends. A documented preservation hold suspends deletion only for the records identified in that hold.,True,Match,,29ae0ea0fd4848979e33a622147640f9/p1-4.1,Covered,Review required
FA,R-16B26D69B2E7,Employees must complete the relevant prerequisite training before independently performing restricted tasks. A manager may arrange supervised practice but must not mark an unmet prerequisite complete.,Employees must complete the relevant prerequisite training before independently performing restricted tasks. A manager may arrange supervised practice but must not mark an unmet prerequisite complete.,True,Match,,a30d6e8951e441a993e8caf97aac6c92/p2-4.6,Covered,Review required
FA,R-172546FABD6A,Employees must assess parcel weight and route before lifting and must request approved handling assistance when the posted safe-handling limit is exceeded. They must not invent a universal weight limit where a task assessment is required.,Employees must assess parcel weight and route before lifting and must request approved handling assistance when the posted safe-handling limit is exceeded. They must not invent a universal weight limit where a task assessment is required.,True,Match,,727e0064e34d4dae893833f832bc8b10/p2-4.6,Covered,Review required
FA,R-146C27C9A35F,The Finance Associate may propose a control improvement after analyzing recurring reconciliation exceptions using aggregated data.,The Finance Associate may propose a control improvement after analyzing recurring reconciliation exceptions using aggregated data.,True,Match,,24d754d98fe64952aa5ab7968f7aa182/p2-4.8,Covered,Review required
FA,R-1796405D6767,Employees must demonstrate the critical steps of a role task to an authorized assessor before independent work. A numerical score cannot compensate for a failed safety or privacy critical step.,Employees must demonstrate the critical steps of a role task to an authorized assessor before independent work. A numerical score cannot compensate for a failed safety or privacy critical step.,True,Match,,8befbcac4db04e0a8e829c57dcdd2170/p2-4.5,Covered,Review required
FA,R-20D520DA4A8A,Employees must verify the requester using the approved workflow before disclosing shipment details. A shipment number alone does not authorize disclosure of the recipient address or contact details.,Employees must verify the requester using the approved workflow before disclosing shipment details. A shipment number alone does not authorize disclosure of the recipient address or contact details.,True,Match,,29ae0ea0fd4848979e33a622147640f9/p1-4.3,Covered,Review required
FA,R-21F568318B33,Employees are encouraged to discuss routine process frustrations privately with their manager and suggest a specific improvement supported by an example.,Employees are encouraged to discuss routine process frustrations privately with their manager and suggest a specific improvement supported by an example.,True,Match,,73e1b29a357c41259bbdcc11a0632fa6/p2-4.8,Covered,Review required
FA,R-239FAF9F2EB5,"Document owners must record document ID, owner, version, approval role and effective date before release. An unapproved draft must not be used to assign mandatory training.","Document owners must record document ID, owner, version, approval role and effective date before release. An unapproved draft must not be used to assign mandatory training.",True,Match,,a30d6e8951e441a993e8caf97aac6c92/p1-4.3,Covered,Review required
FA,R-2A86AFDA4BA8,Employees must use only the approved numbered fallback forms or controlled offline register during an outage. Personal notebooks and unapproved messaging groups must not hold customer records.,Employees must use only the approved numbered fallback forms or controlled offline register during an outage. Personal notebooks and unapproved messaging groups must not hold customer records.,True,Match,,fbf2b8d8ccbf4468aaf55fce005135f5/p1-4.3,Covered,Review required
FA,R-36FC537259B9,The Finance Associate must verify settlement-detail changes through a previously registered merchant contact and obtain Operations Manager approval. Contact details in the change request must not serve as the verification channel.,The Finance Associate must verify settlement-detail changes through a previously registered merchant contact and obtain Operations Manager approval. Contact details in the change request must not serve as the verification channel.,True,Match,,24d754d98fe64952aa5ab7968f7aa182/p1-4.4,Covered,Review required
FA,R-4105856ED949,"Employees must report suspicious links, attachments or unexpected authentication requests to IT without opening them. If already opened, the employee must report the action and follow the incident process in POL-09.","Employees must report suspicious links, attachments or unexpected authentication requests to IT without opening them. If already opened, the employee must report the action and follow the incident process in POL-09.",True,Match,,a74212e00516450eb8f093cdf4ba9261/p2-4.5,Covered,Review required
FA,R-416209DCE36D,Employees must lock an unattended workstation immediately and configure automatic locking after no more than 5 minutes of inactivity. Shared warehouse terminals follow the same limit.,Employees must lock an unattended workstation immediately and configure automatic locking after no more than 5 minutes of inactivity. Shared warehouse terminals follow the same limit.,True,Match,,a74212e00516450eb8f093cdf4ba9261/p1-4.1,Covered,Review required
FA,R-460EAA2B4275,"Only the duty Operations Manager may activate the continuity procedure after assessing service impact. If immediate danger exists, employees must take the safety actions in POL-08 without waiting for activation.","Only the duty Operations Manager may activate the continuity procedure after assessing service impact. If immediate danger exists, employees must take the safety actions in POL-08 without waiting for activation.",True,Match,,fbf2b8d8ccbf4468aaf55fce005135f5/p1-4.2,Covered,Review required
FA,R-4A2C5688825E,Employees must submit a planned absence request at least 3 working days before the proposed start. The manager may approve shorter notice only after recording a coverage arrangement.,Employees must submit a planned absence request at least 3 working days before the proposed start. The manager may approve shorter notice only after recording a coverage arrangement.,True,Match,,8fdf130200824965a79733d30e4c06f9/p1-4.1,Covered,Review required
FA,R-4A6727C8C054,Managers must not disadvantage a person for raising a good-faith concern or participating in an investigation. Any alleged retaliation must be referred to the Managing Director.,Managers must not disadvantage a person for raising a good-faith concern or participating in an investigation. Any alleged retaliation must be referred to the Managing Director.,True,Match,,73e1b29a357c41259bbdcc11a0632fa6/p2-4.6,Covered,Review required
FA,R-4C4FDAD22DCE,Employees must stop work and use the signed evacuation route when the alarm sounds. They must report to the assembly point and must not re-enter until the incident lead authorizes it.,Employees must stop work and use the signed evacuation route when the alarm sounds. They must report to the assembly point and must not re-enter until the incident lead authorizes it.,True,Match,,727e0064e34d4dae893833f832bc8b10/p1-4.2,Covered,Review required
FA,R-50AFD826669E,"Employees hosting a visitor must arrange registration, a visible visitor pass and an escort in restricted areas. Visitors must not use employee access credentials.","Employees hosting a visitor must arrange registration, a visible visitor pass and an escort in restricted areas. Visitors must not use employee access credentials.",True,Match,,727e0064e34d4dae893833f832bc8b10/p2-4.5,Covered,Review required
FA,R-521A7E7E5CE2,"Employees must log access, correction or deletion requests and refer them to the Operations Manager on the same working day. Employees must not promise deletion before checking preservation requirements.","Employees must log access, correction or deletion requests and refer them to the Operations Manager on the same working day. Employees must not promise deletion before checking preservation requirements.",True,Match,,29ae0ea0fd4848979e33a622147640f9/p2-4.6,Covered,Review required
FA,R-54140A92ACBD,"Employees must record only shipment ID, action, time and assigned operator in the fallback register. Additional personal data requires explicit incident-lead approval and privacy controls.","Employees must record only shipment ID, action, time and assigned operator in the fallback register. Additional personal data requires explicit incident-lead approval and privacy controls.",True,Match,,fbf2b8d8ccbf4468aaf55fce005135f5/p1-4.4,Covered,Review required
FA,R-541FB3AC9BE0,Employees are encouraged to complete optional phishing simulations and discuss the warning signs with IT after the exercise.,Employees are encouraged to complete optional phishing simulations and discuss the warning signs with IT after the exercise.,True,Match,,a74212e00516450eb8f093cdf4ba9261/p2-4.8,Covered,Review required
FA,R-56209CC63AA4,Employees must not operate powered warehouse equipment without documented authorization and task-specific training. Observing another operator does not grant authorization.,Employees must not operate powered warehouse equipment without documented authorization and task-specific training. Observing another operator does not grant authorization.,True,Match,,727e0064e34d4dae893833f832bc8b10/p1-4.3,Covered,Review required
FA,R-5C483711F6BE,"HR must retain onboarding acknowledgements, assessment attempts and readiness decisions for 24 months after the employee leaves the company, unless a preservation hold applies.","HR must retain onboarding acknowledgements, assessment attempts and readiness decisions for 24 months after the employee leaves the company, unless a preservation hold applies.",True,Match,,8a073cad84ed4b08a2f7cef3f4db050b/p1-4.2,Covered,Review required
FA,R-62750DC24AD9,Employees must use company-managed devices or an explicitly approved device profile to access restricted data. Personal storage services must not receive company files.,Employees must use company-managed devices or an explicitly approved device profile to access restricted data. Personal storage services must not receive company files.,True,Match,,a74212e00516450eb8f093cdf4ba9261/p1-4.4,Covered,Review required
FA,R-6333B99CFAF1,"Employees must transfer open tasks, critical deadlines and escalation contacts to the designated cover before planned absence. Customer personal data must remain in approved systems.","Employees must transfer open tasks, critical deadlines and escalation contacts to the designated cover before planned absence. Customer personal data must remain in approved systems.",True,Match,,8fdf130200824965a79733d30e4c06f9/p1-4.4,Covered,Review required
FA,R-63363D5F1647,"Employees may propose a simpler fallback step after a rehearsal, provided the proposal preserves privacy, traceability and independent approval.","Employees may propose a simpler fallback step after a rehearsal, provided the proposal preserves privacy, traceability and independent approval.",True,Match,,fbf2b8d8ccbf4468aaf55fce005135f5/p2-4.8,Covered,Review required
FA,R-65621E95FCDC,"Employees must declare any offered gift valued above PKR 1,000 to HR before accepting it. Cash and cash-equivalent gifts are prohibited at any value; splitting a gift does not avoid this rule.","Employees must declare any offered gift valued above PKR 1,000 to HR before accepting it. Cash and cash-equivalent gifts are prohibited at any value; splitting a gift does not avoid this rule.",True,Match,,73e1b29a357c41259bbdcc11a0632fa6/p1-4.1,Covered,Review required
FA,R-67BE00C0C731,"Assigned record owners must reconcile fallback entries within 1 working day of restoration, resolve mismatches and dispose of temporary copies according to POL-06 and POL-07.","Assigned record owners must reconcile fallback entries within 1 working day of restoration, resolve mismatches and dispose of temporary copies according to POL-06 and POL-07.",True,Match,,fbf2b8d8ccbf4468aaf55fce005135f5/p2-4.7,Covered,Review required
FA,R-6A27F9B64A77,Employees must use fictional or irreversibly anonymized customer examples in training and demonstrations. Replacing a name alone does not anonymize a record containing a real telephone number or address.,Employees must use fictional or irreversibly anonymized customer examples in training and demonstrations. Replacing a name alone does not anonymize a record containing a real telephone number or address.,True,Match,,29ae0ea0fd4848979e33a622147640f9/p2-4.5,Covered,Review required
FA,R-6A4D4713C188,Employees must obtain Managing Director approval before representing the company publicly or publishing customer-related material. Personal accounts must not disclose internal records.,Employees must obtain Managing Director approval before representing the company publicly or publishing customer-related material. Personal accounts must not disclose internal records.,True,Match,,73e1b29a357c41259bbdcc11a0632fa6/p2-4.7,Covered,Review required
FA,R-6AF4B1D576E8,"Employees must record actual events and must not fabricate delivery attempts, training completion, assessment results or approvals. Corrections must retain the original entry and the reason for amendment.","Employees must record actual events and must not fabricate delivery attempts, training completion, assessment results or approvals. Corrections must retain the original entry and the reason for amendment.",True,Match,,73e1b29a357c41259bbdcc11a0632fa6/p1-4.4,Covered,Review required
FA,R-77EA0AF82AE6,"Responders must preserve relevant logs, messages and event identifiers without modifying originals. Evidence access must be restricted to the response team and a preservation hold applied where necessary.","Responders must preserve relevant logs, messages and event identifiers without modifying originals. Evidence access must be restricted to the response team and a preservation hold applied where necessary.",True,Match,,5a6b00e4d96e4e7084b19fbabc414bc2/p2-4.5,Covered,Review required
FA,R-788101420862,"Employees must use the confidential HR channel to report misconduct. If the concern involves HR, the report must go directly to the Managing Director.","Employees must use the confidential HR channel to report misconduct. If the concern involves HR, the report must go directly to the Managing Director.",True,Match,,73e1b29a357c41259bbdcc11a0632fa6/p2-4.5,Covered,Review required
FA,R-796BDA01E379,"Employees must obtain recorded approval before taking planned leave. Submission alone is not approval, and employees must not approve their own request.","Employees must obtain recorded approval before taking planned leave. Submission alone is not approval, and employees must not approve their own request.",True,Match,,8fdf130200824965a79733d30e4c06f9/p1-4.2,Covered,Review required
FA,R-7ABC2572F614,Employees may select an optional development topic after agreeing the time allocation with their manager; optional learning must not delay mandatory training.,Employees may select an optional development topic after agreeing the time allocation with their manager; optional learning must not delay mandatory training.,True,Match,,8befbcac4db04e0a8e829c57dcdd2170/p2-4.8,Covered,Review required
FA,R-80EBF00AEAAB,Employees must transfer personal data only through approved company systems to authorized recipients. Personal messaging accounts and publicly accessible links are prohibited.,Employees must transfer personal data only through approved company systems to authorized recipients. Personal messaging accounts and publicly accessible links are prohibited.,True,Match,,29ae0ea0fd4848979e33a622147640f9/p1-4.4,Covered,Review required
FA,R-856AAFA35458,Record owners must retain routine delivery-event records for 180 calendar days after case closure. A documented preservation hold overrides routine deletion until the hold is formally released.,Record owners must retain routine delivery-event records for 180 calendar days after case closure. A documented preservation hold overrides routine deletion until the hold is formally released.,True,Match,,8a073cad84ed4b08a2f7cef3f4db050b/p1-4.1,Covered,Review required
FA,R-8BA18FD38761,Employees must refer records with no applicable retention category to the Operations Manager before deletion. They must not infer a deadline from an unrelated record type.,Employees must refer records with no applicable retention category to the Operations Manager before deletion. They must not infer a deadline from an unrelated record type.,True,Match,,8a073cad84ed4b08a2f7cef3f4db050b/p2-4.7,Covered,Review required
FA,R-8F2800010EB4,Teams are encouraged to rehearse one incident scenario each month and document a specific improvement to the response procedure.,Teams are encouraged to rehearse one incident scenario each month and document a specific improvement to the response procedure.,True,Match,,5a6b00e4d96e4e7084b19fbabc414bc2/p2-4.8,Covered,Review required
FA,R-90FF05CBE79C,"HR must assign an onboarding plan based on role, experience, location and applicable requirements. Prior experience may change practice difficulty but must not remove mandatory acknowledgements.","HR must assign an onboarding plan based on role, experience, location and applicable requirements. Prior experience may change practice difficulty but must not remove mandatory acknowledgements.",True,Match,,8befbcac4db04e0a8e829c57dcdd2170/p1-4.2,Covered,Review required
FA,R-921011B44D9A,Employees must access and collect only the customer fields needed for an assigned task. Full identity documents must not be requested for routine parcel tracking.,Employees must access and collect only the customer fields needed for an assigned task. Full identity documents must not be requested for routine parcel tracking.,True,Match,,29ae0ea0fd4848979e33a622147640f9/p1-4.2,Covered,Review required
FA,R-9219901BB6BC,"The first available responder must create an incident record containing observed facts, discovery time, affected services and initial actions. Speculation must be labelled and credentials must be excluded.","The first available responder must create an incident record containing observed facts, discovery time, affected services and initial actions. Speculation must be labelled and credentials must be excluded.",True,Match,,5a6b00e4d96e4e7084b19fbabc414bc2/p1-4.3,Covered,Review required
FA,R-93F43ABE5A67,"The Finance Associate must reconcile fees, collections and approved adjustments before preparing a merchant settlement statement. Each adjustment requires a source record.","The Finance Associate must reconcile fees, collections and approved adjustments before preparing a merchant settlement statement. Each adjustment requires a source record.",True,Match,,24d754d98fe64952aa5ab7968f7aa182/p2-4.5,Covered,Review required
FA,R-97784A35A8C5,"During an activated continuity event, the incident lead must issue an internal status checkpoint at least every 30 elapsed minutes until normal service resumes. A checkpoint must state current impact, owner and next update time.","During an activated continuity event, the incident lead must issue an internal status checkpoint at least every 30 elapsed minutes until normal service resumes. A checkpoint must state current impact, owner and next update time.",True,Match,,fbf2b8d8ccbf4468aaf55fce005135f5/p1-4.1,Covered,Review required
FA,R-9DDB4F577CF4,"Record owners must correct errors through an auditable amendment recording author, time and reason. Original transaction values must not be overwritten without history.","Record owners must correct errors through an auditable amendment recording author, time and reason. Original transaction values must not be overwritten without history.",True,Match,,8a073cad84ed4b08a2f7cef3f4db050b/p1-4.4,Covered,Review required
FA,R-9DF22FF4E6F0,"The Finance Associate must check shipment, return and payment identifiers before releasing funds. A possible duplicate must be held until resolved by the Operations Manager.","The Finance Associate must check shipment, return and payment identifiers before releasing funds. A possible duplicate must be held until resolved by the Operations Manager.",True,Match,,24d754d98fe64952aa5ab7968f7aa182/p1-4.3,Covered,Review required
FA,R-A58C9C4E3A41,Employees must pause the affected activity and ask the document owner when two equally authoritative instructions conflict or a necessary limit is missing. The owner must record the resolution before work resumes.,Employees must pause the affected activity and ask the document owner when two equally authoritative instructions conflict or a necessary limit is missing. The owner must record the resolution before work resumes.,True,Match,,a30d6e8951e441a993e8caf97aac6c92/p2-4.7,Covered,Review required
FA,R-A79CA2D2BCA4,Employees are encouraged to discuss anticipated leave early so teams can plan coverage before a formal request is submitted.,Employees are encouraged to discuss anticipated leave early so teams can plan coverage before a formal request is submitted.,True,Match,,8fdf130200824965a79733d30e4c06f9/p2-4.8,Covered,Review required
FA,R-A93A8597F48D,"Managers must confirm required operational coverage before approving concurrent absences. If coverage cannot be arranged, the manager must record the reason and discuss alternative dates.","Managers must confirm required operational coverage before approving concurrent absences. If coverage cannot be arranged, the manager must record the reason and discuss alternative dates.",True,Match,,8fdf130200824965a79733d30e4c06f9/p2-4.6,Covered,Review required
FA,R-A9DAFEDE9F59,"Employees must activate multifactor authentication before accessing email, remote access or systems holding customer records. IT must provide an approved recovery method rather than disabling the requirement.","Employees must activate multifactor authentication before accessing email, remote access or systems holding customer records. IT must provide an approved recovery method rather than disabling the requirement.",True,Match,,a74212e00516450eb8f093cdf4ba9261/p1-4.3,Covered,Review required
FA,R-ABF97164BFCF,"Record owners must use approved disposal methods and retain a disposal log identifying category, date range, authorization and completion date. Disposal must not expose readable personal data.","Record owners must use approved disposal methods and retain a disposal log identifying category, date range, authorization and completion date. Disposal must not expose readable personal data.",True,Match,,8a073cad84ed4b08a2f7cef3f4db050b/p2-4.6,Covered,Review required
FA,R-AE0187016E1F,"Employees must disclose a personal or financial relationship with a merchant or supplier before participating in its selection, payment or complaint decision. The manager must assign an independent decision-maker.","Employees must disclose a personal or financial relationship with a merchant or supplier before participating in its selection, payment or complaint decision. The manager must assign an independent decision-maker.",True,Match,,73e1b29a357c41259bbdcc11a0632fa6/p1-4.3,Covered,Review required
FA,R-B491BB779BFC,Employees are encouraged to suggest improvements to workstation layout or parcel movement after discussing them with the supervisor.,Employees are encouraged to suggest improvements to workstation layout or parcel movement after discussing them with the supervisor.,True,Match,,727e0064e34d4dae893833f832bc8b10/p2-4.8,Covered,Review required
FA,R-C0183A0DD53E,Reviewers must verify required evidence before recording completion. Reading a module alone does not demonstrate practical competence or substitute for a required policy acknowledgement.,Reviewers must verify required evidence before recording completion. Reading a module alone does not demonstrate practical competence or substitute for a required policy acknowledgement.,True,Match,,8befbcac4db04e0a8e829c57dcdd2170/p2-4.6,Covered,Review required
FA,R-C536107E2F1C,Employees must record near misses even when no injury or damage occurs. The supervisor must assign a corrective action owner and verify completion.,Employees must record near misses even when no injury or damage occurs. The supervisor must assign a corrective action owner and verify completion.,True,Match,,727e0064e34d4dae893833f832bc8b10/p2-4.7,Covered,Review required
FA,R-CA6161E0F070,The Finance Associate must store working financial exports in approved restricted storage and apply POL-06 to any customer-data copies. A working export must not replace the controlled transaction record.,The Finance Associate must store working financial exports in approved restricted storage and apply POL-06 to any customer-data copies. A working export must not replace the controlled transaction record.,True,Match,,24d754d98fe64952aa5ab7968f7aa182/p2-4.7,Covered,Review required
FA,R-CACCDCA035FC,"HR must record each employee role, department, joining date and reporting manager before assigning onboarding. A temporary role change requires a recorded start date, end date and additional requirements.","HR must record each employee role, department, joining date and reporting manager before assigning onboarding. A temporary role change requires a recorded start date, end date and additional requirements.",True,Match,,a30d6e8951e441a993e8caf97aac6c92/p2-4.5,Covered,Review required
FA,R-D1ACEA25E7B8,The incident lead must obtain an IT health check and an operational sample check before declaring normal service restored. A login screen alone is not evidence of end-to-end recovery.,The incident lead must obtain an IT health check and an operational sample check before declaring normal service restored. A login screen alone is not evidence of end-to-end recovery.,True,Match,,fbf2b8d8ccbf4468aaf55fce005135f5/p2-4.6,Covered,Review required
FA,R-D2368CFD2806,Employees must obtain IT approval before installing software or browser extensions on company devices. IT must verify business purpose and permitted access before approval.,Employees must obtain IT approval before installing software or browser extensions on company devices. IT must verify business purpose and permitted access before approval.,True,Match,,a74212e00516450eb8f093cdf4ba9261/p2-4.6,Covered,Review required
FA,R-D45F03B968D8,The Finance Associate must reconcile collection records against shipment events and received funds each working day. Unexplained differences must remain in a tracked exception queue.,The Finance Associate must reconcile collection records against shipment events and received funds each working day. Unexplained differences must remain in a tracked exception queue.,True,Match,,24d754d98fe64952aa5ab7968f7aa182/p1-4.1,Covered,Review required
FA,R-D460F8370B7B,Employees entering marked warehouse handling zones must wear the posted protective equipment. The supervisor must stop the task if suitable equipment is unavailable.,Employees entering marked warehouse handling zones must wear the posted protective equipment. The supervisor must stop the task if suitable equipment is unavailable.,True,Match,,727e0064e34d4dae893833f832bc8b10/p1-4.4,Covered,Review required
FA,R-D61B18CC5452,"Employees must store API keys and service credentials only in approved secret storage and must not include them in source repositories, screenshots, training examples or support tickets.","Employees must store API keys and service credentials only in approved secret storage and must not include them in source repositories, screenshots, training examples or support tickets.",True,Match,,a74212e00516450eb8f093cdf4ba9261/p2-4.7,Covered,Review required
FA,R-D65CD0AA02FD,The Finance Associate must obtain independent Operations Manager approval before settlement release and must record the payment reference and release date.,The Finance Associate must obtain independent Operations Manager approval before settlement release and must record the payment reference and release date.,True,Match,,24d754d98fe64952aa5ab7968f7aa182/p2-4.6,Covered,Review required
FA,R-DCBEFFCDEA97,Only the incident lead or a designated spokesperson may issue incident updates to merchants or customers. Updates must distinguish confirmed impact from investigation assumptions.,Only the incident lead or a designated spokesperson may issue incident updates to merchants or customers. Updates must distinguish confirmed impact from investigation assumptions.,True,Match,,5a6b00e4d96e4e7084b19fbabc414bc2/p2-4.6,Covered,Review required
FA,R-DE731D4155C3,"Employees may suggest removal of unnecessary personal-data fields from forms, reports or dashboards to the relevant process owner.","Employees may suggest removal of unnecessary personal-data fields from forms, reports or dashboards to the relevant process owner.",True,Match,,29ae0ea0fd4848979e33a622147640f9/p2-4.8,Covered,Review required
FA,R-E8193BEEB971,"Employees must classify an incident as critical when it involves immediate physical danger, suspected exposure of customer data or complete loss of dispatch capability. Where severity is uncertain, they must escalate as critical pending review.","Employees must classify an incident as critical when it involves immediate physical danger, suspected exposure of customer data or complete loss of dispatch capability. Where severity is uncertain, they must escalate as critical pending review.",True,Match,,5a6b00e4d96e4e7084b19fbabc414bc2/p1-4.2,Covered,Review required
FA,R-ED681FEEAECA,Employees must check shipment and transaction identifiers before entering recovered work into the restored system. Potential duplicates must be held for review rather than posted again.,Employees must check shipment and transaction identifiers before entering recovered work into the restored system. Potential duplicates must be held for review rather than posted again.,True,Match,,fbf2b8d8ccbf4468aaf55fce005135f5/p2-4.5,Covered,Review required
FA,R-EF92A576A545,"Training managers must distribute learning across Day 1, Week 1, Week 2 and First 30 Days. Mandatory operational deadlines and prerequisites take priority over a convenient stage label.","Training managers must distribute learning across Day 1, Week 1, Week 2 and First 30 Days. Mandatory operational deadlines and prerequisites take priority over a convenient stage label.",True,Match,,8befbcac4db04e0a8e829c57dcdd2170/p1-4.3,Covered,Review required
FA,R-F0DD273F245B,Employees must report a non-urgent safety concern before the end of the current shift. An immediate danger requires stopping the activity and alerting the shift supervisor at once.,Employees must report a non-urgent safety concern before the end of the current shift. An immediate danger requires stopping the activity and alerting the shift supervisor at once.,True,Match,,727e0064e34d4dae893833f832bc8b10/p1-4.1,Covered,Review required
FA,R-F2B0834EAC46,HR must restrict medical or other sensitive absence details to authorized People Operations staff. Operational managers receive only information needed to arrange work.,HR must restrict medical or other sensitive absence details to authorized People Operations staff. Operational managers receive only information needed to arrange work.,True,Match,,8fdf130200824965a79733d30e4c06f9/p2-4.7,Covered,Review required
FA,R-F5F5437807FF,"The Operations Manager must identify scope, owner and start date when issuing a preservation hold. Record owners must suspend scheduled deletion for the named records until written release.","The Operations Manager must identify scope, owner and start date when issuing a preservation hold. Record owners must suspend scheduled deletion for the named records until written release.",True,Match,,8a073cad84ed4b08a2f7cef3f4db050b/p2-4.5,Covered,Review required
FA,R-F7193D95C1AD,Employees are encouraged to arrange a weekly discussion with an experienced colleague during the first month to clarify workflows and identify useful practice.,Employees are encouraged to arrange a weekly discussion with an experienced colleague during the first month to clarify workflows and identify useful practice.,True,Match,,a30d6e8951e441a993e8caf97aac6c92/p2-4.8,Covered,Review required
FA,R-FB974B986599,"The incident lead must record recovery evidence, outstanding risks and corrective action owners before closure. The Operations Manager must review critical incidents within 2 working days after restoration.","The incident lead must record recovery evidence, outstanding risks and corrective action owners before closure. The Operations Manager must review critical incidents within 2 working days after restoration.",True,Match,,5a6b00e4d96e4e7084b19fbabc414bc2/p2-4.7,Covered,Review required
FA,R-FC2BF34B9517,Employees must use individually assigned accounts and must not share passwords or authentication codes. Service accounts require a named IT owner and must not be used for routine interactive work.,Employees must use individually assigned accounts and must not share passwords or authentication codes. Service accounts require a named IT owner and must not be used for routine interactive work.,True,Match,,a74212e00516450eb8f093cdf4ba9261/p1-4.2,Covered,Review required
FA,R-FDB3D0561A1B,"Employees must follow the latest effective approved policy, then the applicable SOP, then an approved role guide, then an FAQ. A lower-authority document cannot override a policy; unresolved conflicts go to the policy owner before action.","Employees must follow the latest effective approved policy, then the applicable SOP, then an approved role guide, then an FAQ. A lower-authority document cannot override a policy; unresolved conflicts go to the policy owner before action.",True,Match,,a30d6e8951e441a993e8caf97aac6c92/p1-4.2,Covered,Review required
FA,R-FE4A4F93E455,Employees must notify the duty Operations Manager within 15 elapsed minutes of discovering a critical incident. Immediate emergency or containment actions must not wait for a ticket; the notification record must follow as soon as practical.,Employees must notify the duty Operations Manager within 15 elapsed minutes of discovering a critical incident. Immediate emergency or containment actions must not wait for a ticket; the notification record must follow as soon as practical.,True,Match,,5a6b00e4d96e4e7084b19fbabc414bc2/p1-4.1,Covered,Review required
FA,R-FF0FD20BF415,Employees must complete core orientation within 2 working days of joining. HR must schedule a replacement session within that deadline if the original session is cancelled.,Employees must complete core orientation within 2 working days of joining. HR must schedule a replacement session within that deadline if the original session is cancelled.,True,Match,,8befbcac4db04e0a8e829c57dcdd2170/p1-4.1,Covered,Review required
HR,R-0247D1BC923B,"Employees must acknowledge the current handbook within 1 working day of joining. If access is unavailable, HR records the outage and obtains a supervised paper acknowledgement within the same period.","Employees must acknowledge the current handbook within 1 working day of joining. If access is unavailable, HR records the outage and obtains a supervised paper acknowledgement within the same period.",True,Match,,a30d6e8951e441a993e8caf97aac6c92/p1-4.1,Covered,Review required
HR,R-00D790D2F6DF,"Employees must notify the manager as soon as reasonably possible when an emergency prevents attendance. Where the employee cannot communicate, HR must accept notification from a nominated contact and record the circumstances.","Employees must notify the manager as soon as reasonably possible when an emergency prevents attendance. Where the employee cannot communicate, HR must accept notification from a nominated contact and record the circumstances.",True,Match,,8fdf130200824965a79733d30e4c06f9/p1-4.3,Covered,Review required
HR,R-026FDABD5735,"Managers must review employee readiness by the end of the first 30 calendar days and document remaining gaps, supervised-work limits and follow-up dates.","Managers must review employee readiness by the end of the first 30 calendar days and document remaining gaps, supervised-work limits and follow-up dates.",True,Match,,8befbcac4db04e0a8e829c57dcdd2170/p2-4.7,Covered,Review required
HR,R-01A5ED733FCA,Record owners are encouraged to review archive searchability quarterly and propose improvements to naming or indexing.,Record owners are encouraged to review archive searchability quarterly and propose improvements to naming or indexing.,True,Match,,8a073cad84ed4b08a2f7cef3f4db050b/p2-4.8,Covered,Review required
HR,R-02E88985DB7B,Employees must store operational evidence in the approved case or document repository. A local copy must not become the sole record of a decision or transaction.,Employees must store operational evidence in the approved case or document repository. A local copy must not become the sole record of a decision or transaction.,True,Match,,8a073cad84ed4b08a2f7cef3f4db050b/p1-4.3,Covered,Review required
HR,R-06A38872D72D,Employees must stop an unintended transfer where possible and report suspected disclosure through POL-09 immediately. They must preserve evidence and must not conceal or silently delete the incident history.,Employees must stop an unintended transfer where possible and report suspected disclosure through POL-09 immediately. They must preserve evidence and must not conceal or silently delete the incident history.,True,Match,,29ae0ea0fd4848979e33a622147640f9/p2-4.7,Covered,Review required
HR,R-08FF3809E4D8,"Employees must communicate respectfully and must not harass, threaten or discriminate against another person. A witness must report concerns through the confidential HR channel without circulating the allegation to colleagues.","Employees must communicate respectfully and must not harass, threaten or discriminate against another person. A witness must report concerns through the confidential HR channel without circulating the allegation to colleagues.",True,Match,,73e1b29a357c41259bbdcc11a0632fa6/p1-4.2,Covered,Review required
HR,R-0952D27F6ADF,The HR Executive must schedule core orientation within POL-03 deadlines and monitor attendance. A missed session requires a replacement assignment and visible overdue status where relevant.,The HR Executive must schedule core orientation within POL-03 deadlines and monitor attendance. A missed session requires a replacement assignment and visible overdue status where relevant.,True,Match,,e2d0fb1d80914b58ba93ded0d4f76fae/p1-4.3,Covered,Review required
HR,R-09ED55951BF3,Employees must score at least 80 percent on mandatory knowledge assessments. A failed attempt requires targeted revision and another attempt; the original result must remain recorded.,Employees must score at least 80 percent on mandatory knowledge assessments. A failed attempt requires targeted revision and another attempt; the original result must remain recorded.,True,Match,,8befbcac4db04e0a8e829c57dcdd2170/p1-4.4,Covered,Review required
HR,R-0A5D19127D72,Employees must request correction of an inaccurate attendance entry within 2 working days of discovering it. HR must retain the original value and the evidence supporting correction.,Employees must request correction of an inaccurate attendance entry within 2 working days of discovering it. HR must retain the original value and the evidence supporting correction.,True,Match,,8fdf130200824965a79733d30e4c06f9/p2-4.5,Covered,Review required
HR,R-0AB9BB1F1147,Document owners must link each revision to the superseded version and identify changed sections. Employees must use the version effective on the date of the activity; historical copies remain available for audit.,Document owners must link each revision to the superseded version and identify changed sections. Employees must use the version effective on the date of the activity; historical copies remain available for audit.,True,Match,,a30d6e8951e441a993e8caf97aac6c92/p1-4.4,Covered,Review required
HR,R-0EFA01E01C84,The duty Operations Manager must appoint an incident lead and record the handover. IT leads technical containment while the incident lead coordinates business decisions and communications.,The duty Operations Manager must appoint an incident lead and record the handover. IT leads technical containment while the incident lead coordinates business decisions and communications.,True,Match,,5a6b00e4d96e4e7084b19fbabc414bc2/p1-4.4,Covered,Review required
HR,R-15C4487260AD,Employees must delete approved temporary customer-data exports within 24 elapsed hours after the approved task ends. A documented preservation hold suspends deletion only for the records identified in that hold.,Employees must delete approved temporary customer-data exports within 24 elapsed hours after the approved task ends. A documented preservation hold suspends deletion only for the records identified in that hold.,True,Match,,29ae0ea0fd4848979e33a622147640f9/p1-4.1,Covered,Review required
HR,R-16B26D69B2E7,Employees must complete the relevant prerequisite training before independently performing restricted tasks. A manager may arrange supervised practice but must not mark an unmet prerequisite complete.,Employees must complete the relevant prerequisite training before independently performing restricted tasks. A manager may arrange supervised practice but must not mark an unmet prerequisite complete.,True,Match,,a30d6e8951e441a993e8caf97aac6c92/p2-4.6,Covered,Review required
HR,R-172546FABD6A,Employees must assess parcel weight and route before lifting and must request approved handling assistance when the posted safe-handling limit is exceeded. They must not invent a universal weight limit where a task assessment is required.,Employees must assess parcel weight and route before lifting and must request approved handling assistance when the posted safe-handling limit is exceeded. They must not invent a universal weight limit where a task assessment is required.,True,Match,,727e0064e34d4dae893833f832bc8b10/p2-4.6,Covered,Review required
HR,R-1796405D6767,Employees must demonstrate the critical steps of a role task to an authorized assessor before independent work. A numerical score cannot compensate for a failed safety or privacy critical step.,Employees must demonstrate the critical steps of a role task to an authorized assessor before independent work. A numerical score cannot compensate for a failed safety or privacy critical step.,True,Match,,8befbcac4db04e0a8e829c57dcdd2170/p2-4.5,Covered,Review required
HR,R-20D520DA4A8A,Employees must verify the requester using the approved workflow before disclosing shipment details. A shipment number alone does not authorize disclosure of the recipient address or contact details.,Employees must verify the requester using the approved workflow before disclosing shipment details. A shipment number alone does not authorize disclosure of the recipient address or contact details.,True,Match,,29ae0ea0fd4848979e33a622147640f9/p1-4.3,Covered,Review required
HR,R-20F58A0403F4,The HR Executive must restrict sensitive employee records and provide managers only the information needed for an assigned decision. Access requests outside that scope require review.,The HR Executive must restrict sensitive employee records and provide managers only the information needed for an assigned decision. Access requests outside that scope require review.,True,Match,,e2d0fb1d80914b58ba93ded0d4f76fae/p2-4.7,Covered,Review required
HR,R-21F568318B33,Employees are encouraged to discuss routine process frustrations privately with their manager and suggest a specific improvement supported by an example.,Employees are encouraged to discuss routine process frustrations privately with their manager and suggest a specific improvement supported by an example.,True,Match,,73e1b29a357c41259bbdcc11a0632fa6/p2-4.8,Covered,Review required
HR,R-239FAF9F2EB5,"Document owners must record document ID, owner, version, approval role and effective date before release. An unapproved draft must not be used to assign mandatory training.","Document owners must record document ID, owner, version, approval role and effective date before release. An unapproved draft must not be used to assign mandatory training.",True,Match,,a30d6e8951e441a993e8caf97aac6c92/p1-4.3,Covered,Review required
HR,R-2A86AFDA4BA8,Employees must use only the approved numbered fallback forms or controlled offline register during an outage. Personal notebooks and unapproved messaging groups must not hold customer records.,Employees must use only the approved numbered fallback forms or controlled offline register during an outage. Personal notebooks and unapproved messaging groups must not hold customer records.,True,Match,,fbf2b8d8ccbf4468aaf55fce005135f5/p1-4.3,Covered,Review required
HR,R-4105856ED949,"Employees must report suspicious links, attachments or unexpected authentication requests to IT without opening them. If already opened, the employee must report the action and follow the incident process in POL-09.","Employees must report suspicious links, attachments or unexpected authentication requests to IT without opening them. If already opened, the employee must report the action and follow the incident process in POL-09.",True,Match,,a74212e00516450eb8f093cdf4ba9261/p2-4.5,Covered,Review required
HR,R-416209DCE36D,Employees must lock an unattended workstation immediately and configure automatic locking after no more than 5 minutes of inactivity. Shared warehouse terminals follow the same limit.,Employees must lock an unattended workstation immediately and configure automatic locking after no more than 5 minutes of inactivity. Shared warehouse terminals follow the same limit.,True,Match,,a74212e00516450eb8f093cdf4ba9261/p1-4.1,Covered,Review required
HR,R-460EAA2B4275,"Only the duty Operations Manager may activate the continuity procedure after assessing service impact. If immediate danger exists, employees must take the safety actions in POL-08 without waiting for activation.","Only the duty Operations Manager may activate the continuity procedure after assessing service impact. If immediate danger exists, employees must take the safety actions in POL-08 without waiting for activation.",True,Match,,fbf2b8d8ccbf4468aaf55fce005135f5/p1-4.2,Covered,Review required
HR,R-4A2C5688825E,Employees must submit a planned absence request at least 3 working days before the proposed start. The manager may approve shorter notice only after recording a coverage arrangement.,Employees must submit a planned absence request at least 3 working days before the proposed start. The manager may approve shorter notice only after recording a coverage arrangement.,True,Match,,8fdf130200824965a79733d30e4c06f9/p1-4.1,Covered,Review required
HR,R-4A6727C8C054,Managers must not disadvantage a person for raising a good-faith concern or participating in an investigation. Any alleged retaliation must be referred to the Managing Director.,Managers must not disadvantage a person for raising a good-faith concern or participating in an investigation. Any alleged retaliation must be referred to the Managing Director.,True,Match,,73e1b29a357c41259bbdcc11a0632fa6/p2-4.6,Covered,Review required
HR,R-4C4FDAD22DCE,Employees must stop work and use the signed evacuation route when the alarm sounds. They must report to the assembly point and must not re-enter until the incident lead authorizes it.,Employees must stop work and use the signed evacuation route when the alarm sounds. They must report to the assembly point and must not re-enter until the incident lead authorizes it.,True,Match,,727e0064e34d4dae893833f832bc8b10/p1-4.2,Covered,Review required
HR,R-50AFD826669E,"Employees hosting a visitor must arrange registration, a visible visitor pass and an escort in restricted areas. Visitors must not use employee access credentials.","Employees hosting a visitor must arrange registration, a visible visitor pass and an escort in restricted areas. Visitors must not use employee access credentials.",True,Match,,727e0064e34d4dae893833f832bc8b10/p2-4.5,Covered,Review required
HR,R-521A7E7E5CE2,"Employees must log access, correction or deletion requests and refer them to the Operations Manager on the same working day. Employees must not promise deletion before checking preservation requirements.","Employees must log access, correction or deletion requests and refer them to the Operations Manager on the same working day. Employees must not promise deletion before checking preservation requirements.",True,Match,,29ae0ea0fd4848979e33a622147640f9/p2-4.6,Covered,Review required
HR,R-54140A92ACBD,"Employees must record only shipment ID, action, time and assigned operator in the fallback register. Additional personal data requires explicit incident-lead approval and privacy controls.","Employees must record only shipment ID, action, time and assigned operator in the fallback register. Additional personal data requires explicit incident-lead approval and privacy controls.",True,Match,,fbf2b8d8ccbf4468aaf55fce005135f5/p1-4.4,Covered,Review required
HR,R-541FB3AC9BE0,Employees are encouraged to complete optional phishing simulations and discuss the warning signs with IT after the exercise.,Employees are encouraged to complete optional phishing simulations and discuss the warning signs with IT after the exercise.,True,Match,,a74212e00516450eb8f093cdf4ba9261/p2-4.8,Covered,Review required
HR,R-56209CC63AA4,Employees must not operate powered warehouse equipment without documented authorization and task-specific training. Observing another operator does not grant authorization.,Employees must not operate powered warehouse equipment without documented authorization and task-specific training. Observing another operator does not grant authorization.,True,Match,,727e0064e34d4dae893833f832bc8b10/p1-4.3,Covered,Review required
HR,R-5C483711F6BE,"HR must retain onboarding acknowledgements, assessment attempts and readiness decisions for 24 months after the employee leaves the company, unless a preservation hold applies.","HR must retain onboarding acknowledgements, assessment attempts and readiness decisions for 24 months after the employee leaves the company, unless a preservation hold applies.",True,Match,,8a073cad84ed4b08a2f7cef3f4db050b/p1-4.2,Covered,Review required
HR,R-62750DC24AD9,Employees must use company-managed devices or an explicitly approved device profile to access restricted data. Personal storage services must not receive company files.,Employees must use company-managed devices or an explicitly approved device profile to access restricted data. Personal storage services must not receive company files.,True,Match,,a74212e00516450eb8f093cdf4ba9261/p1-4.4,Covered,Review required
HR,R-6333B99CFAF1,"Employees must transfer open tasks, critical deadlines and escalation contacts to the designated cover before planned absence. Customer personal data must remain in approved systems.","Employees must transfer open tasks, critical deadlines and escalation contacts to the designated cover before planned absence. Customer personal data must remain in approved systems.",True,Match,,8fdf130200824965a79733d30e4c06f9/p1-4.4,Covered,Review required
HR,R-63363D5F1647,"Employees may propose a simpler fallback step after a rehearsal, provided the proposal preserves privacy, traceability and independent approval.","Employees may propose a simpler fallback step after a rehearsal, provided the proposal preserves privacy, traceability and independent approval.",True,Match,,fbf2b8d8ccbf4468aaf55fce005135f5/p2-4.8,Covered,Review required
HR,R-65621E95FCDC,"Employees must declare any offered gift valued above PKR 1,000 to HR before accepting it. Cash and cash-equivalent gifts are prohibited at any value; splitting a gift does not avoid this rule.","Employees must declare any offered gift valued above PKR 1,000 to HR before accepting it. Cash and cash-equivalent gifts are prohibited at any value; splitting a gift does not avoid this rule.",True,Match,,73e1b29a357c41259bbdcc11a0632fa6/p1-4.1,Covered,Review required
HR,R-67BE00C0C731,"Assigned record owners must reconcile fallback entries within 1 working day of restoration, resolve mismatches and dispose of temporary copies according to POL-06 and POL-07.","Assigned record owners must reconcile fallback entries within 1 working day of restoration, resolve mismatches and dispose of temporary copies according to POL-06 and POL-07.",True,Match,,fbf2b8d8ccbf4468aaf55fce005135f5/p2-4.7,Covered,Review required
HR,R-6A27F9B64A77,Employees must use fictional or irreversibly anonymized customer examples in training and demonstrations. Replacing a name alone does not anonymize a record containing a real telephone number or address.,Employees must use fictional or irreversibly anonymized customer examples in training and demonstrations. Replacing a name alone does not anonymize a record containing a real telephone number or address.,True,Match,,29ae0ea0fd4848979e33a622147640f9/p2-4.5,Covered,Review required
HR,R-6A4D4713C188,Employees must obtain Managing Director approval before representing the company publicly or publishing customer-related material. Personal accounts must not disclose internal records.,Employees must obtain Managing Director approval before representing the company publicly or publishing customer-related material. Personal accounts must not disclose internal records.,True,Match,,73e1b29a357c41259bbdcc11a0632fa6/p2-4.7,Covered,Review required
HR,R-6AF4B1D576E8,"Employees must record actual events and must not fabricate delivery attempts, training completion, assessment results or approvals. Corrections must retain the original entry and the reason for amendment.","Employees must record actual events and must not fabricate delivery attempts, training completion, assessment results or approvals. Corrections must retain the original entry and the reason for amendment.",True,Match,,73e1b29a357c41259bbdcc11a0632fa6/p1-4.4,Covered,Review required
HR,R-77EA0AF82AE6,"Responders must preserve relevant logs, messages and event identifiers without modifying originals. Evidence access must be restricted to the response team and a preservation hold applied where necessary.","Responders must preserve relevant logs, messages and event identifiers without modifying originals. Evidence access must be restricted to the response team and a preservation hold applied where necessary.",True,Match,,5a6b00e4d96e4e7084b19fbabc414bc2/p2-4.5,Covered,Review required
HR,R-788101420862,"Employees must use the confidential HR channel to report misconduct. If the concern involves HR, the report must go directly to the Managing Director.","Employees must use the confidential HR channel to report misconduct. If the concern involves HR, the report must go directly to the Managing Director.",True,Match,,73e1b29a357c41259bbdcc11a0632fa6/p2-4.5,Covered,Review required
HR,R-796BDA01E379,"Employees must obtain recorded approval before taking planned leave. Submission alone is not approval, and employees must not approve their own request.","Employees must obtain recorded approval before taking planned leave. Submission alone is not approval, and employees must not approve their own request.",True,Match,,8fdf130200824965a79733d30e4c06f9/p1-4.2,Covered,Review required
HR,R-7ABC2572F614,Employees may select an optional development topic after agreeing the time allocation with their manager; optional learning must not delay mandatory training.,Employees may select an optional development topic after agreeing the time allocation with their manager; optional learning must not delay mandatory training.,True,Match,,8befbcac4db04e0a8e829c57dcdd2170/p2-4.8,Covered,Review required
HR,R-80EBF00AEAAB,Employees must transfer personal data only through approved company systems to authorized recipients. Personal messaging accounts and publicly accessible links are prohibited.,Employees must transfer personal data only through approved company systems to authorized recipients. Personal messaging accounts and publicly accessible links are prohibited.,True,Match,,29ae0ea0fd4848979e33a622147640f9/p1-4.4,Covered,Review required
HR,R-856AAFA35458,Record owners must retain routine delivery-event records for 180 calendar days after case closure. A documented preservation hold overrides routine deletion until the hold is formally released.,Record owners must retain routine delivery-event records for 180 calendar days after case closure. A documented preservation hold overrides routine deletion until the hold is formally released.,True,Match,,8a073cad84ed4b08a2f7cef3f4db050b/p1-4.1,Covered,Review required
HR,R-8BA18FD38761,Employees must refer records with no applicable retention category to the Operations Manager before deletion. They must not infer a deadline from an unrelated record type.,Employees must refer records with no applicable retention category to the Operations Manager before deletion. They must not infer a deadline from an unrelated record type.,True,Match,,8a073cad84ed4b08a2f7cef3f4db050b/p2-4.7,Covered,Review required
HR,R-90FF05CBE79C,"HR must assign an onboarding plan based on role, experience, location and applicable requirements. Prior experience may change practice difficulty but must not remove mandatory acknowledgements.","HR must assign an onboarding plan based on role, experience, location and applicable requirements. Prior experience may change practice difficulty but must not remove mandatory acknowledgements.",True,Match,,8befbcac4db04e0a8e829c57dcdd2170/p1-4.2,Covered,Review required
HR,R-921011B44D9A,Employees must access and collect only the customer fields needed for an assigned task. Full identity documents must not be requested for routine parcel tracking.,Employees must access and collect only the customer fields needed for an assigned task. Full identity documents must not be requested for routine parcel tracking.,True,Match,,29ae0ea0fd4848979e33a622147640f9/p1-4.2,Covered,Review required
HR,R-9219901BB6BC,"The first available responder must create an incident record containing observed facts, discovery time, affected services and initial actions. Speculation must be labelled and credentials must be excluded.","The first available responder must create an incident record containing observed facts, discovery time, affected services and initial actions. Speculation must be labelled and credentials must be excluded.",True,Match,,5a6b00e4d96e4e7084b19fbabc414bc2/p1-4.3,Covered,Review required
HR,R-8F2800010EB4,Teams are encouraged to rehearse one incident scenario each month and document a specific improvement to the response procedure.,Teams are encouraged to rehearse one incident scenario each month and document a specific improvement to the response procedure.,True,Match,,5a6b00e4d96e4e7084b19fbabc414bc2/p2-4.8,Covered,Review required
HR,R-93C650B68DDD,The HR Executive may invite feedback after the first month and summarize improvement themes without exposing individual sensitive details.,The HR Executive may invite feedback after the first month and summarize improvement themes without exposing individual sensitive details.,True,Match,,e2d0fb1d80914b58ba93ded0d4f76fae/p2-4.8,Covered,Review required
HR,R-97784A35A8C5,"During an activated continuity event, the incident lead must issue an internal status checkpoint at least every 30 elapsed minutes until normal service resumes. A checkpoint must state current impact, owner and next update time.","During an activated continuity event, the incident lead must issue an internal status checkpoint at least every 30 elapsed minutes until normal service resumes. A checkpoint must state current impact, owner and next update time.",True,Match,,fbf2b8d8ccbf4468aaf55fce005135f5/p1-4.1,Covered,Review required
HR,R-9DDB4F577CF4,"Record owners must correct errors through an auditable amendment recording author, time and reason. Original transaction values must not be overwritten without history.","Record owners must correct errors through an auditable amendment recording author, time and reason. Original transaction values must not be overwritten without history.",True,Match,,8a073cad84ed4b08a2f7cef3f4db050b/p1-4.4,Covered,Review required
HR,R-A58C9C4E3A41,Employees must pause the affected activity and ask the document owner when two equally authoritative instructions conflict or a necessary limit is missing. The owner must record the resolution before work resumes.,Employees must pause the affected activity and ask the document owner when two equally authoritative instructions conflict or a necessary limit is missing. The owner must record the resolution before work resumes.,True,Match,,a30d6e8951e441a993e8caf97aac6c92/p2-4.7,Covered,Review required
HR,R-A79CA2D2BCA4,Employees are encouraged to discuss anticipated leave early so teams can plan coverage before a formal request is submitted.,Employees are encouraged to discuss anticipated leave early so teams can plan coverage before a formal request is submitted.,True,Match,,8fdf130200824965a79733d30e4c06f9/p2-4.8,Covered,Review required
HR,R-A93A8597F48D,"Managers must confirm required operational coverage before approving concurrent absences. If coverage cannot be arranged, the manager must record the reason and discuss alternative dates.","Managers must confirm required operational coverage before approving concurrent absences. If coverage cannot be arranged, the manager must record the reason and discuss alternative dates.",True,Match,,8fdf130200824965a79733d30e4c06f9/p2-4.6,Covered,Review required
HR,R-A9DAFEDE9F59,"Employees must activate multifactor authentication before accessing email, remote access or systems holding customer records. IT must provide an approved recovery method rather than disabling the requirement.","Employees must activate multifactor authentication before accessing email, remote access or systems holding customer records. IT must provide an approved recovery method rather than disabling the requirement.",True,Match,,a74212e00516450eb8f093cdf4ba9261/p1-4.3,Covered,Review required
HR,R-ABF97164BFCF,"Record owners must use approved disposal methods and retain a disposal log identifying category, date range, authorization and completion date. Disposal must not expose readable personal data.","Record owners must use approved disposal methods and retain a disposal log identifying category, date range, authorization and completion date. Disposal must not expose readable personal data.",True,Match,,8a073cad84ed4b08a2f7cef3f4db050b/p2-4.6,Covered,Review required
HR,R-ABFE2E377EDE,The HR Executive must map the current approved role requirements to each joining employee and identify any location or temporary-role conditions. Unresolved applicability must go to the requirement owner.,The HR Executive must map the current approved role requirements to each joining employee and identify any location or temporary-role conditions. Unresolved applicability must go to the requirement owner.,True,Match,,e2d0fb1d80914b58ba93ded0d4f76fae/p1-4.2,Covered,Review required
HR,R-AE0187016E1F,"Employees must disclose a personal or financial relationship with a merchant or supplier before participating in its selection, payment or complaint decision. The manager must assign an independent decision-maker.","Employees must disclose a personal or financial relationship with a merchant or supplier before participating in its selection, payment or complaint decision. The manager must assign an independent decision-maker.",True,Match,,73e1b29a357c41259bbdcc11a0632fa6/p1-4.3,Covered,Review required
HR,R-B491BB779BFC,Employees are encouraged to suggest improvements to workstation layout or parcel movement after discussing them with the supervisor.,Employees are encouraged to suggest improvements to workstation layout or parcel movement after discussing them with the supervisor.,True,Match,,727e0064e34d4dae893833f832bc8b10/p2-4.8,Covered,Review required
HR,R-C0183A0DD53E,Reviewers must verify required evidence before recording completion. Reading a module alone does not demonstrate practical competence or substitute for a required policy acknowledgement.,Reviewers must verify required evidence before recording completion. Reading a module alone does not demonstrate practical competence or substitute for a required policy acknowledgement.,True,Match,,8befbcac4db04e0a8e829c57dcdd2170/p2-4.6,Covered,Review required
HR,R-C536107E2F1C,Employees must record near misses even when no injury or damage occurs. The supervisor must assign a corrective action owner and verify completion.,Employees must record near misses even when no injury or damage occurs. The supervisor must assign a corrective action owner and verify completion.,True,Match,,727e0064e34d4dae893833f832bc8b10/p2-4.7,Covered,Review required
HR,R-C8BD385E4E1C,The HR Executive must notify the manager and IT of an approved role change before its effective time so training and access can be reviewed together.,The HR Executive must notify the manager and IT of an approved role change before its effective time so training and access can be reviewed together.,True,Match,,e2d0fb1d80914b58ba93ded0d4f76fae/p2-4.5,Covered,Review required
HR,R-CACCDCA035FC,"HR must record each employee role, department, joining date and reporting manager before assigning onboarding. A temporary role change requires a recorded start date, end date and additional requirements.","HR must record each employee role, department, joining date and reporting manager before assigning onboarding. A temporary role change requires a recorded start date, end date and additional requirements.",True,Match,,a30d6e8951e441a993e8caf97aac6c92/p2-4.5,Covered,Review required
HR,R-D1ACEA25E7B8,The incident lead must obtain an IT health check and an operational sample check before declaring normal service restored. A login screen alone is not evidence of end-to-end recovery.,The incident lead must obtain an IT health check and an operational sample check before declaring normal service restored. A login screen alone is not evidence of end-to-end recovery.,True,Match,,fbf2b8d8ccbf4468aaf55fce005135f5/p2-4.6,Covered,Review required
HR,R-D2368CFD2806,Employees must obtain IT approval before installing software or browser extensions on company devices. IT must verify business purpose and permitted access before approval.,Employees must obtain IT approval before installing software or browser extensions on company devices. IT must verify business purpose and permitted access before approval.,True,Match,,a74212e00516450eb8f093cdf4ba9261/p2-4.6,Covered,Review required
HR,R-D460F8370B7B,Employees entering marked warehouse handling zones must wear the posted protective equipment. The supervisor must stop the task if suitable equipment is unavailable.,Employees entering marked warehouse handling zones must wear the posted protective equipment. The supervisor must stop the task if suitable equipment is unavailable.,True,Match,,727e0064e34d4dae893833f832bc8b10/p1-4.4,Covered,Review required
HR,R-D61B18CC5452,"Employees must store API keys and service credentials only in approved secret storage and must not include them in source repositories, screenshots, training examples or support tickets.","Employees must store API keys and service credentials only in approved secret storage and must not include them in source repositories, screenshots, training examples or support tickets.",True,Match,,a74212e00516450eb8f093cdf4ba9261/p2-4.7,Covered,Review required
HR,R-DCABCCA627C2,The HR Executive must notify IT of the approved exit effective time before that time and track asset return and access revocation. Urgent exits require immediate coordinated notification.,The HR Executive must notify IT of the approved exit effective time before that time and track asset return and access revocation. Urgent exits require immediate coordinated notification.,True,Match,,e2d0fb1d80914b58ba93ded0d4f76fae/p2-4.6,Covered,Review required
HR,R-DCAFE2DEC97C,The HR Executive must retain acknowledgements against the exact policy version shown to the employee. A policy replacement requires evaluation of whether renewed acknowledgement is necessary.,The HR Executive must retain acknowledgements against the exact policy version shown to the employee. A policy replacement requires evaluation of whether renewed acknowledgement is necessary.,True,Match,,e2d0fb1d80914b58ba93ded0d4f76fae/p1-4.4,Covered,Review required
HR,R-DCBEFFCDEA97,Only the incident lead or a designated spokesperson may issue incident updates to merchants or customers. Updates must distinguish confirmed impact from investigation assumptions.,Only the incident lead or a designated spokesperson may issue incident updates to merchants or customers. Updates must distinguish confirmed impact from investigation assumptions.,True,Match,,5a6b00e4d96e4e7084b19fbabc414bc2/p2-4.6,Covered,Review required
HR,R-DE731D4155C3,"Employees may suggest removal of unnecessary personal-data fields from forms, reports or dashboards to the relevant process owner.","Employees may suggest removal of unnecessary personal-data fields from forms, reports or dashboards to the relevant process owner.",True,Match,,29ae0ea0fd4848979e33a622147640f9/p2-4.8,Covered,Review required
HR,R-E8193BEEB971,"Employees must classify an incident as critical when it involves immediate physical danger, suspected exposure of customer data or complete loss of dispatch capability. Where severity is uncertain, they must escalate as critical pending review.","Employees must classify an incident as critical when it involves immediate physical danger, suspected exposure of customer data or complete loss of dispatch capability. Where severity is uncertain, they must escalate as critical pending review.",True,Match,,5a6b00e4d96e4e7084b19fbabc414bc2/p1-4.2,Covered,Review required
HR,R-ED0E34AB1417,"The HR Executive must record approved role, department, manager, location and joining date before creating an onboarding assignment. Only information necessary for training may be exposed to the learning application.","The HR Executive must record approved role, department, manager, location and joining date before creating an onboarding assignment. Only information necessary for training may be exposed to the learning application.",True,Match,,e2d0fb1d80914b58ba93ded0d4f76fae/p1-4.1,Covered,Review required
HR,R-ED681FEEAECA,Employees must check shipment and transaction identifiers before entering recovered work into the restored system. Potential duplicates must be held for review rather than posted again.,Employees must check shipment and transaction identifiers before entering recovered work into the restored system. Potential duplicates must be held for review rather than posted again.,True,Match,,fbf2b8d8ccbf4468aaf55fce005135f5/p2-4.5,Covered,Review required
HR,R-EF92A576A545,"Training managers must distribute learning across Day 1, Week 1, Week 2 and First 30 Days. Mandatory operational deadlines and prerequisites take priority over a convenient stage label.","Training managers must distribute learning across Day 1, Week 1, Week 2 and First 30 Days. Mandatory operational deadlines and prerequisites take priority over a convenient stage label.",True,Match,,8befbcac4db04e0a8e829c57dcdd2170/p1-4.3,Covered,Review required
HR,R-F0DD273F245B,Employees must report a non-urgent safety concern before the end of the current shift. An immediate danger requires stopping the activity and alerting the shift supervisor at once.,Employees must report a non-urgent safety concern before the end of the current shift. An immediate danger requires stopping the activity and alerting the shift supervisor at once.,True,Match,,727e0064e34d4dae893833f832bc8b10/p1-4.1,Covered,Review required
HR,R-F2B0834EAC46,HR must restrict medical or other sensitive absence details to authorized People Operations staff. Operational managers receive only information needed to arrange work.,HR must restrict medical or other sensitive absence details to authorized People Operations staff. Operational managers receive only information needed to arrange work.,True,Match,,8fdf130200824965a79733d30e4c06f9/p2-4.7,Covered,Review required
HR,R-F5F5437807FF,"The Operations Manager must identify scope, owner and start date when issuing a preservation hold. Record owners must suspend scheduled deletion for the named records until written release.","The Operations Manager must identify scope, owner and start date when issuing a preservation hold. Record owners must suspend scheduled deletion for the named records until written release.",True,Match,,8a073cad84ed4b08a2f7cef3f4db050b/p2-4.5,Covered,Review required
HR,R-F7193D95C1AD,Employees are encouraged to arrange a weekly discussion with an experienced colleague during the first month to clarify workflows and identify useful practice.,Employees are encouraged to arrange a weekly discussion with an experienced colleague during the first month to clarify workflows and identify useful practice.,True,Match,,a30d6e8951e441a993e8caf97aac6c92/p2-4.8,Covered,Review required
HR,R-FB974B986599,"The incident lead must record recovery evidence, outstanding risks and corrective action owners before closure. The Operations Manager must review critical incidents within 2 working days after restoration.","The incident lead must record recovery evidence, outstanding risks and corrective action owners before closure. The Operations Manager must review critical incidents within 2 working days after restoration.",True,Match,,5a6b00e4d96e4e7084b19fbabc414bc2/p2-4.7,Covered,Review required
HR,R-FF0FD20BF415,Employees must complete core orientation within 2 working days of joining. HR must schedule a replacement session within that deadline if the original session is cancelled.,Employees must complete core orientation within 2 working days of joining. HR must schedule a replacement session within that deadline if the original session is cancelled.,True,Match,,8befbcac4db04e0a8e829c57dcdd2170/p1-4.1,Covered,Review required
HR,R-FC2BF34B9517,Employees must use individually assigned accounts and must not share passwords or authentication codes. Service accounts require a named IT owner and must not be used for routine interactive work.,Employees must use individually assigned accounts and must not share passwords or authentication codes. Service accounts require a named IT owner and must not be used for routine interactive work.,True,Match,,a74212e00516450eb8f093cdf4ba9261/p1-4.2,Covered,Review required
HR,R-FDB3D0561A1B,"Employees must follow the latest effective approved policy, then the applicable SOP, then an approved role guide, then an FAQ. A lower-authority document cannot override a policy; unresolved conflicts go to the policy owner before action.","Employees must follow the latest effective approved policy, then the applicable SOP, then an approved role guide, then an FAQ. A lower-authority document cannot override a policy; unresolved conflicts go to the policy owner before action.",True,Match,,a30d6e8951e441a993e8caf97aac6c92/p1-4.2,Covered,Review required
HR,R-FE4A4F93E455,Employees must notify the duty Operations Manager within 15 elapsed minutes of discovering a critical incident. Immediate emergency or containment actions must not wait for a ticket; the notification record must follow as soon as practical.,Employees must notify the duty Operations Manager within 15 elapsed minutes of discovering a critical incident. Immediate emergency or containment actions must not wait for a ticket; the notification record must follow as soon as practical.,True,Match,,5a6b00e4d96e4e7084b19fbabc414bc2/p1-4.1,Covered,Review required
IT,R-0247D1BC923B,"Employees must acknowledge the current handbook within 1 working day of joining. If access is unavailable, HR records the outage and obtains a supervised paper acknowledgement within the same period.","Employees must acknowledge the current handbook within 1 working day of joining. If access is unavailable, HR records the outage and obtains a supervised paper acknowledgement within the same period.",True,Match,,a30d6e8951e441a993e8caf97aac6c92/p1-4.1,Covered,Review required
IT,R-00D790D2F6DF,"Employees must notify the manager as soon as reasonably possible when an emergency prevents attendance. Where the employee cannot communicate, HR must accept notification from a nominated contact and record the circumstances.","Employees must notify the manager as soon as reasonably possible when an emergency prevents attendance. Where the employee cannot communicate, HR must accept notification from a nominated contact and record the circumstances.",True,Match,,8fdf130200824965a79733d30e4c06f9/p1-4.3,Covered,Review required
IT,R-026FDABD5735,"Managers must review employee readiness by the end of the first 30 calendar days and document remaining gaps, supervised-work limits and follow-up dates.","Managers must review employee readiness by the end of the first 30 calendar days and document remaining gaps, supervised-work limits and follow-up dates.",True,Match,,8befbcac4db04e0a8e829c57dcdd2170/p2-4.7,Covered,Review required
IT,R-01A5ED733FCA,Record owners are encouraged to review archive searchability quarterly and propose improvements to naming or indexing.,Record owners are encouraged to review archive searchability quarterly and propose improvements to naming or indexing.,True,Match,,8a073cad84ed4b08a2f7cef3f4db050b/p2-4.8,Covered,Review required
IT,R-02E88985DB7B,Employees must store operational evidence in the approved case or document repository. A local copy must not become the sole record of a decision or transaction.,Employees must store operational evidence in the approved case or document repository. A local copy must not become the sole record of a decision or transaction.,True,Match,,8a073cad84ed4b08a2f7cef3f4db050b/p1-4.3,Covered,Review required
IT,R-06A38872D72D,Employees must stop an unintended transfer where possible and report suspected disclosure through POL-09 immediately. They must preserve evidence and must not conceal or silently delete the incident history.,Employees must stop an unintended transfer where possible and report suspected disclosure through POL-09 immediately. They must preserve evidence and must not conceal or silently delete the incident history.,True,Match,,29ae0ea0fd4848979e33a622147640f9/p2-4.7,Covered,Review required
IT,R-08FF3809E4D8,"Employees must communicate respectfully and must not harass, threaten or discriminate against another person. A witness must report concerns through the confidential HR channel without circulating the allegation to colleagues.","Employees must communicate respectfully and must not harass, threaten or discriminate against another person. A witness must report concerns through the confidential HR channel without circulating the allegation to colleagues.",True,Match,,73e1b29a357c41259bbdcc11a0632fa6/p1-4.2,Covered,Review required
IT,R-09ED55951BF3,Employees must score at least 80 percent on mandatory knowledge assessments. A failed attempt requires targeted revision and another attempt; the original result must remain recorded.,Employees must score at least 80 percent on mandatory knowledge assessments. A failed attempt requires targeted revision and another attempt; the original result must remain recorded.,True,Match,,8befbcac4db04e0a8e829c57dcdd2170/p1-4.4,Covered,Review required
IT,R-0A5D19127D72,Employees must request correction of an inaccurate attendance entry within 2 working days of discovering it. HR must retain the original value and the evidence supporting correction.,Employees must request correction of an inaccurate attendance entry within 2 working days of discovering it. HR must retain the original value and the evidence supporting correction.,True,Match,,8fdf130200824965a79733d30e4c06f9/p2-4.5,Covered,Review required
IT,R-0AB9BB1F1147,Document owners must link each revision to the superseded version and identify changed sections. Employees must use the version effective on the date of the activity; historical copies remain available for audit.,Document owners must link each revision to the superseded version and identify changed sections. Employees must use the version effective on the date of the activity; historical copies remain available for audit.,True,Match,,a30d6e8951e441a993e8caf97aac6c92/p1-4.4,Covered,Review required
IT,R-0EFA01E01C84,The duty Operations Manager must appoint an incident lead and record the handover. IT leads technical containment while the incident lead coordinates business decisions and communications.,The duty Operations Manager must appoint an incident lead and record the handover. IT leads technical containment while the incident lead coordinates business decisions and communications.,True,Match,,5a6b00e4d96e4e7084b19fbabc414bc2/p1-4.4,Covered,Review required
IT,R-15C4487260AD,Employees must delete approved temporary customer-data exports within 24 elapsed hours after the approved task ends. A documented preservation hold suspends deletion only for the records identified in that hold.,Employees must delete approved temporary customer-data exports within 24 elapsed hours after the approved task ends. A documented preservation hold suspends deletion only for the records identified in that hold.,True,Match,,29ae0ea0fd4848979e33a622147640f9/p1-4.1,Covered,Review required
IT,R-16B26D69B2E7,Employees must complete the relevant prerequisite training before independently performing restricted tasks. A manager may arrange supervised practice but must not mark an unmet prerequisite complete.,Employees must complete the relevant prerequisite training before independently performing restricted tasks. A manager may arrange supervised practice but must not mark an unmet prerequisite complete.,True,Match,,a30d6e8951e441a993e8caf97aac6c92/p2-4.6,Covered,Review required
IT,R-172546FABD6A,Employees must assess parcel weight and route before lifting and must request approved handling assistance when the posted safe-handling limit is exceeded. They must not invent a universal weight limit where a task assessment is required.,Employees must assess parcel weight and route before lifting and must request approved handling assistance when the posted safe-handling limit is exceeded. They must not invent a universal weight limit where a task assessment is required.,True,Match,,727e0064e34d4dae893833f832bc8b10/p2-4.6,Covered,Review required
IT,R-1796405D6767,Employees must demonstrate the critical steps of a role task to an authorized assessor before independent work. A numerical score cannot compensate for a failed safety or privacy critical step.,Employees must demonstrate the critical steps of a role task to an authorized assessor before independent work. A numerical score cannot compensate for a failed safety or privacy critical step.,True,Match,,8befbcac4db04e0a8e829c57dcdd2170/p2-4.5,Covered,Review required
IT,R-20D520DA4A8A,Employees must verify the requester using the approved workflow before disclosing shipment details. A shipment number alone does not authorize disclosure of the recipient address or contact details.,Employees must verify the requester using the approved workflow before disclosing shipment details. A shipment number alone does not authorize disclosure of the recipient address or contact details.,True,Match,,29ae0ea0fd4848979e33a622147640f9/p1-4.3,Covered,Review required
IT,R-21F568318B33,Employees are encouraged to discuss routine process frustrations privately with their manager and suggest a specific improvement supported by an example.,Employees are encouraged to discuss routine process frustrations privately with their manager and suggest a specific improvement supported by an example.,True,Match,,73e1b29a357c41259bbdcc11a0632fa6/p2-4.8,Covered,Review required
IT,R-239FAF9F2EB5,"Document owners must record document ID, owner, version, approval role and effective date before release. An unapproved draft must not be used to assign mandatory training.","Document owners must record document ID, owner, version, approval role and effective date before release. An unapproved draft must not be used to assign mandatory training.",True,Match,,a30d6e8951e441a993e8caf97aac6c92/p1-4.3,Covered,Review required
IT,R-2A86AFDA4BA8,Employees must use only the approved numbered fallback forms or controlled offline register during an outage. Personal notebooks and unapproved messaging groups must not hold customer records.,Employees must use only the approved numbered fallback forms or controlled offline register during an outage. Personal notebooks and unapproved messaging groups must not hold customer records.,True,Match,,fbf2b8d8ccbf4468aaf55fce005135f5/p1-4.3,Covered,Review required
IT,R-3AFEB32D87B7,The IT Support Engineer must verify the account holder through the approved recovery workflow before resetting credentials. They must never ask the user to disclose an existing password or authentication code.,The IT Support Engineer must verify the account holder through the approved recovery workflow before resetting credentials. They must never ask the user to disclose an existing password or authentication code.,True,Match,,486430f821de4a1ea6f485c5d7b4709f/p1-4.4,Covered,Review required
IT,R-4105856ED949,"Employees must report suspicious links, attachments or unexpected authentication requests to IT without opening them. If already opened, the employee must report the action and follow the incident process in POL-09.","Employees must report suspicious links, attachments or unexpected authentication requests to IT without opening them. If already opened, the employee must report the action and follow the incident process in POL-09.",True,Match,,a74212e00516450eb8f093cdf4ba9261/p2-4.5,Covered,Review required
IT,R-416209DCE36D,Employees must lock an unattended workstation immediately and configure automatic locking after no more than 5 minutes of inactivity. Shared warehouse terminals follow the same limit.,Employees must lock an unattended workstation immediately and configure automatic locking after no more than 5 minutes of inactivity. Shared warehouse terminals follow the same limit.,True,Match,,a74212e00516450eb8f093cdf4ba9261/p1-4.1,Covered,Review required
IT,R-460EAA2B4275,"Only the duty Operations Manager may activate the continuity procedure after assessing service impact. If immediate danger exists, employees must take the safety actions in POL-08 without waiting for activation.","Only the duty Operations Manager may activate the continuity procedure after assessing service impact. If immediate danger exists, employees must take the safety actions in POL-08 without waiting for activation.",True,Match,,fbf2b8d8ccbf4468aaf55fce005135f5/p1-4.2,Covered,Review required
IT,R-4A2C5688825E,Employees must submit a planned absence request at least 3 working days before the proposed start. The manager may approve shorter notice only after recording a coverage arrangement.,Employees must submit a planned absence request at least 3 working days before the proposed start. The manager may approve shorter notice only after recording a coverage arrangement.,True,Match,,8fdf130200824965a79733d30e4c06f9/p1-4.1,Covered,Review required
IT,R-4A6727C8C054,Managers must not disadvantage a person for raising a good-faith concern or participating in an investigation. Any alleged retaliation must be referred to the Managing Director.,Managers must not disadvantage a person for raising a good-faith concern or participating in an investigation. Any alleged retaliation must be referred to the Managing Director.,True,Match,,73e1b29a357c41259bbdcc11a0632fa6/p2-4.6,Covered,Review required
IT,R-4C4FDAD22DCE,Employees must stop work and use the signed evacuation route when the alarm sounds. They must report to the assembly point and must not re-enter until the incident lead authorizes it.,Employees must stop work and use the signed evacuation route when the alarm sounds. They must report to the assembly point and must not re-enter until the incident lead authorizes it.,True,Match,,727e0064e34d4dae893833f832bc8b10/p1-4.2,Covered,Review required
IT,R-50AFD826669E,"Employees hosting a visitor must arrange registration, a visible visitor pass and an escort in restricted areas. Visitors must not use employee access credentials.","Employees hosting a visitor must arrange registration, a visible visitor pass and an escort in restricted areas. Visitors must not use employee access credentials.",True,Match,,727e0064e34d4dae893833f832bc8b10/p2-4.5,Covered,Review required
IT,R-521A7E7E5CE2,"Employees must log access, correction or deletion requests and refer them to the Operations Manager on the same working day. Employees must not promise deletion before checking preservation requirements.","Employees must log access, correction or deletion requests and refer them to the Operations Manager on the same working day. Employees must not promise deletion before checking preservation requirements.",True,Match,,29ae0ea0fd4848979e33a622147640f9/p2-4.6,Covered,Review required
IT,R-54140A92ACBD,"Employees must record only shipment ID, action, time and assigned operator in the fallback register. Additional personal data requires explicit incident-lead approval and privacy controls.","Employees must record only shipment ID, action, time and assigned operator in the fallback register. Additional personal data requires explicit incident-lead approval and privacy controls.",True,Match,,fbf2b8d8ccbf4468aaf55fce005135f5/p1-4.4,Covered,Review required
IT,R-541FB3AC9BE0,Employees are encouraged to complete optional phishing simulations and discuss the warning signs with IT after the exercise.,Employees are encouraged to complete optional phishing simulations and discuss the warning signs with IT after the exercise.,True,Match,,a74212e00516450eb8f093cdf4ba9261/p2-4.8,Covered,Review required
IT,R-56209CC63AA4,Employees must not operate powered warehouse equipment without documented authorization and task-specific training. Observing another operator does not grant authorization.,Employees must not operate powered warehouse equipment without documented authorization and task-specific training. Observing another operator does not grant authorization.,True,Match,,727e0064e34d4dae893833f832bc8b10/p1-4.3,Covered,Review required
IT,R-5C483711F6BE,"HR must retain onboarding acknowledgements, assessment attempts and readiness decisions for 24 months after the employee leaves the company, unless a preservation hold applies.","HR must retain onboarding acknowledgements, assessment attempts and readiness decisions for 24 months after the employee leaves the company, unless a preservation hold applies.",True,Match,,8a073cad84ed4b08a2f7cef3f4db050b/p1-4.2,Covered,Review required
IT,R-62750DC24AD9,Employees must use company-managed devices or an explicitly approved device profile to access restricted data. Personal storage services must not receive company files.,Employees must use company-managed devices or an explicitly approved device profile to access restricted data. Personal storage services must not receive company files.,True,Match,,a74212e00516450eb8f093cdf4ba9261/p1-4.4,Covered,Review required
IT,R-6333B99CFAF1,"Employees must transfer open tasks, critical deadlines and escalation contacts to the designated cover before planned absence. Customer personal data must remain in approved systems.","Employees must transfer open tasks, critical deadlines and escalation contacts to the designated cover before planned absence. Customer personal data must remain in approved systems.",True,Match,,8fdf130200824965a79733d30e4c06f9/p1-4.4,Covered,Review required
IT,R-63363D5F1647,"Employees may propose a simpler fallback step after a rehearsal, provided the proposal preserves privacy, traceability and independent approval.","Employees may propose a simpler fallback step after a rehearsal, provided the proposal preserves privacy, traceability and independent approval.",True,Match,,fbf2b8d8ccbf4468aaf55fce005135f5/p2-4.8,Covered,Review required
IT,R-65621E95FCDC,"Employees must declare any offered gift valued above PKR 1,000 to HR before accepting it. Cash and cash-equivalent gifts are prohibited at any value; splitting a gift does not avoid this rule.","Employees must declare any offered gift valued above PKR 1,000 to HR before accepting it. Cash and cash-equivalent gifts are prohibited at any value; splitting a gift does not avoid this rule.",True,Match,,73e1b29a357c41259bbdcc11a0632fa6/p1-4.1,Covered,Review required
IT,R-67BE00C0C731,"Assigned record owners must reconcile fallback entries within 1 working day of restoration, resolve mismatches and dispose of temporary copies according to POL-06 and POL-07.","Assigned record owners must reconcile fallback entries within 1 working day of restoration, resolve mismatches and dispose of temporary copies according to POL-06 and POL-07.",True,Match,,fbf2b8d8ccbf4468aaf55fce005135f5/p2-4.7,Covered,Review required
IT,R-6A27F9B64A77,Employees must use fictional or irreversibly anonymized customer examples in training and demonstrations. Replacing a name alone does not anonymize a record containing a real telephone number or address.,Employees must use fictional or irreversibly anonymized customer examples in training and demonstrations. Replacing a name alone does not anonymize a record containing a real telephone number or address.,True,Match,,29ae0ea0fd4848979e33a622147640f9/p2-4.5,Covered,Review required
IT,R-6A4D4713C188,Employees must obtain Managing Director approval before representing the company publicly or publishing customer-related material. Personal accounts must not disclose internal records.,Employees must obtain Managing Director approval before representing the company publicly or publishing customer-related material. Personal accounts must not disclose internal records.,True,Match,,73e1b29a357c41259bbdcc11a0632fa6/p2-4.7,Covered,Review required
IT,R-6AF4B1D576E8,"Employees must record actual events and must not fabricate delivery attempts, training completion, assessment results or approvals. Corrections must retain the original entry and the reason for amendment.","Employees must record actual events and must not fabricate delivery attempts, training completion, assessment results or approvals. Corrections must retain the original entry and the reason for amendment.",True,Match,,73e1b29a357c41259bbdcc11a0632fa6/p1-4.4,Covered,Review required
IT,R-742F228DC6C6,"The IT Support Engineer must record affected service, change, approver and rollback action for support work that changes configuration. Emergency changes require incident-lead authorization and subsequent documentation.","The IT Support Engineer must record affected service, change, approver and rollback action for support work that changes configuration. Emergency changes require incident-lead authorization and subsequent documentation.",True,Match,,486430f821de4a1ea6f485c5d7b4709f/p2-4.5,Covered,Review required
IT,R-77EA0AF82AE6,"Responders must preserve relevant logs, messages and event identifiers without modifying originals. Evidence access must be restricted to the response team and a preservation hold applied where necessary.","Responders must preserve relevant logs, messages and event identifiers without modifying originals. Evidence access must be restricted to the response team and a preservation hold applied where necessary.",True,Match,,5a6b00e4d96e4e7084b19fbabc414bc2/p2-4.5,Covered,Review required
IT,R-788101420862,"Employees must use the confidential HR channel to report misconduct. If the concern involves HR, the report must go directly to the Managing Director.","Employees must use the confidential HR channel to report misconduct. If the concern involves HR, the report must go directly to the Managing Director.",True,Match,,73e1b29a357c41259bbdcc11a0632fa6/p2-4.5,Covered,Review required
IT,R-796BDA01E379,"Employees must obtain recorded approval before taking planned leave. Submission alone is not approval, and employees must not approve their own request.","Employees must obtain recorded approval before taking planned leave. Submission alone is not approval, and employees must not approve their own request.",True,Match,,8fdf130200824965a79733d30e4c06f9/p1-4.2,Covered,Review required
IT,R-7ABC2572F614,Employees may select an optional development topic after agreeing the time allocation with their manager; optional learning must not delay mandatory training.,Employees may select an optional development topic after agreeing the time allocation with their manager; optional learning must not delay mandatory training.,True,Match,,8befbcac4db04e0a8e829c57dcdd2170/p2-4.8,Covered,Review required
IT,R-80EBF00AEAAB,Employees must transfer personal data only through approved company systems to authorized recipients. Personal messaging accounts and publicly accessible links are prohibited.,Employees must transfer personal data only through approved company systems to authorized recipients. Personal messaging accounts and publicly accessible links are prohibited.,True,Match,,29ae0ea0fd4848979e33a622147640f9/p1-4.4,Covered,Review required
IT,R-856AAFA35458,Record owners must retain routine delivery-event records for 180 calendar days after case closure. A documented preservation hold overrides routine deletion until the hold is formally released.,Record owners must retain routine delivery-event records for 180 calendar days after case closure. A documented preservation hold overrides routine deletion until the hold is formally released.,True,Match,,8a073cad84ed4b08a2f7cef3f4db050b/p1-4.1,Covered,Review required
IT,R-8603742D6E3B,The IT Support Engineer must revoke employee access at the approved exit effective time and confirm completion to HR. An urgent termination notice requires immediate revocation and incident escalation if access remains active.,The IT Support Engineer must revoke employee access at the approved exit effective time and confirm completion to HR. An urgent termination notice requires immediate revocation and incident escalation if access remains active.,True,Match,,486430f821de4a1ea6f485c5d7b4709f/p2-4.6,Covered,Review required
IT,R-8BA18FD38761,Employees must refer records with no applicable retention category to the Operations Manager before deletion. They must not infer a deadline from an unrelated record type.,Employees must refer records with no applicable retention category to the Operations Manager before deletion. They must not infer a deadline from an unrelated record type.,True,Match,,8a073cad84ed4b08a2f7cef3f4db050b/p2-4.7,Covered,Review required
IT,R-8F2800010EB4,Teams are encouraged to rehearse one incident scenario each month and document a specific improvement to the response procedure.,Teams are encouraged to rehearse one incident scenario each month and document a specific improvement to the response procedure.,True,Match,,5a6b00e4d96e4e7084b19fbabc414bc2/p2-4.8,Covered,Review required
IT,R-90FF05CBE79C,"HR must assign an onboarding plan based on role, experience, location and applicable requirements. Prior experience may change practice difficulty but must not remove mandatory acknowledgements.","HR must assign an onboarding plan based on role, experience, location and applicable requirements. Prior experience may change practice difficulty but must not remove mandatory acknowledgements.",True,Match,,8befbcac4db04e0a8e829c57dcdd2170/p1-4.2,Covered,Review required
IT,R-921011B44D9A,Employees must access and collect only the customer fields needed for an assigned task. Full identity documents must not be requested for routine parcel tracking.,Employees must access and collect only the customer fields needed for an assigned task. Full identity documents must not be requested for routine parcel tracking.,True,Match,,29ae0ea0fd4848979e33a622147640f9/p1-4.2,Covered,Review required
IT,R-9219901BB6BC,"The first available responder must create an incident record containing observed facts, discovery time, affected services and initial actions. Speculation must be labelled and credentials must be excluded.","The first available responder must create an incident record containing observed facts, discovery time, affected services and initial actions. Speculation must be labelled and credentials must be excluded.",True,Match,,5a6b00e4d96e4e7084b19fbabc414bc2/p1-4.3,Covered,Review required
IT,R-93A2EAED552F,"The IT Support Engineer must confirm MFA, screen lock and approved-device controls before handing over an account or device, following POL-05.","The IT Support Engineer must confirm MFA, screen lock and approved-device controls before handing over an account or device, following POL-05.",True,Match,,486430f821de4a1ea6f485c5d7b4709f/p1-4.3,Covered,Review required
IT,R-97784A35A8C5,"During an activated continuity event, the incident lead must issue an internal status checkpoint at least every 30 elapsed minutes until normal service resumes. A checkpoint must state current impact, owner and next update time.","During an activated continuity event, the incident lead must issue an internal status checkpoint at least every 30 elapsed minutes until normal service resumes. A checkpoint must state current impact, owner and next update time.",True,Match,,fbf2b8d8ccbf4468aaf55fce005135f5/p1-4.1,Covered,Review required
IT,R-9DDB4F577CF4,"Record owners must correct errors through an auditable amendment recording author, time and reason. Original transaction values must not be overwritten without history.","Record owners must correct errors through an auditable amendment recording author, time and reason. Original transaction values must not be overwritten without history.",True,Match,,8a073cad84ed4b08a2f7cef3f4db050b/p1-4.4,Covered,Review required
IT,R-A9DAFEDE9F59,"Employees must activate multifactor authentication before accessing email, remote access or systems holding customer records. IT must provide an approved recovery method rather than disabling the requirement.","Employees must activate multifactor authentication before accessing email, remote access or systems holding customer records. IT must provide an approved recovery method rather than disabling the requirement.",True,Match,,a74212e00516450eb8f093cdf4ba9261/p1-4.3,Covered,Review required
IT,R-A58C9C4E3A41,Employees must pause the affected activity and ask the document owner when two equally authoritative instructions conflict or a necessary limit is missing. The owner must record the resolution before work resumes.,Employees must pause the affected activity and ask the document owner when two equally authoritative instructions conflict or a necessary limit is missing. The owner must record the resolution before work resumes.,True,Match,,a30d6e8951e441a993e8caf97aac6c92/p2-4.7,Covered,Review required
IT,R-A93A8597F48D,"Managers must confirm required operational coverage before approving concurrent absences. If coverage cannot be arranged, the manager must record the reason and discuss alternative dates.","Managers must confirm required operational coverage before approving concurrent absences. If coverage cannot be arranged, the manager must record the reason and discuss alternative dates.",True,Match,,8fdf130200824965a79733d30e4c06f9/p2-4.6,Covered,Review required
IT,R-A79CA2D2BCA4,Employees are encouraged to discuss anticipated leave early so teams can plan coverage before a formal request is submitted.,Employees are encouraged to discuss anticipated leave early so teams can plan coverage before a formal request is submitted.,True,Match,,8fdf130200824965a79733d30e4c06f9/p2-4.8,Covered,Review required
IT,R-ABF97164BFCF,"Record owners must use approved disposal methods and retain a disposal log identifying category, date range, authorization and completion date. Disposal must not expose readable personal data.","Record owners must use approved disposal methods and retain a disposal log identifying category, date range, authorization and completion date. Disposal must not expose readable personal data.",True,Match,,8a073cad84ed4b08a2f7cef3f4db050b/p2-4.6,Covered,Review required
IT,R-AE0187016E1F,"Employees must disclose a personal or financial relationship with a merchant or supplier before participating in its selection, payment or complaint decision. The manager must assign an independent decision-maker.","Employees must disclose a personal or financial relationship with a merchant or supplier before participating in its selection, payment or complaint decision. The manager must assign an independent decision-maker.",True,Match,,73e1b29a357c41259bbdcc11a0632fa6/p1-4.3,Covered,Review required
IT,R-B44092C229CA,"The IT Support Engineer may publish an approved self-service guide for recurring issues, excluding secrets and privileged operational details.","The IT Support Engineer may publish an approved self-service guide for recurring issues, excluding secrets and privileged operational details.",True,Match,,486430f821de4a1ea6f485c5d7b4709f/p2-4.8,Covered,Review required
IT,R-B491BB779BFC,Employees are encouraged to suggest improvements to workstation layout or parcel movement after discussing them with the supervisor.,Employees are encouraged to suggest improvements to workstation layout or parcel movement after discussing them with the supervisor.,True,Match,,727e0064e34d4dae893833f832bc8b10/p2-4.8,Covered,Review required
IT,R-C0183A0DD53E,Reviewers must verify required evidence before recording completion. Reading a module alone does not demonstrate practical competence or substitute for a required policy acknowledgement.,Reviewers must verify required evidence before recording completion. Reading a module alone does not demonstrate practical competence or substitute for a required policy acknowledgement.,True,Match,,8befbcac4db04e0a8e829c57dcdd2170/p2-4.6,Covered,Review required
IT,R-C536107E2F1C,Employees must record near misses even when no injury or damage occurs. The supervisor must assign a corrective action owner and verify completion.,Employees must record near misses even when no injury or damage occurs. The supervisor must assign a corrective action owner and verify completion.,True,Match,,727e0064e34d4dae893833f832bc8b10/p2-4.7,Covered,Review required
IT,R-CACCDCA035FC,"HR must record each employee role, department, joining date and reporting manager before assigning onboarding. A temporary role change requires a recorded start date, end date and additional requirements.","HR must record each employee role, department, joining date and reporting manager before assigning onboarding. A temporary role change requires a recorded start date, end date and additional requirements.",True,Match,,a30d6e8951e441a993e8caf97aac6c92/p2-4.5,Covered,Review required
IT,R-D1ACEA25E7B8,The incident lead must obtain an IT health check and an operational sample check before declaring normal service restored. A login screen alone is not evidence of end-to-end recovery.,The incident lead must obtain an IT health check and an operational sample check before declaring normal service restored. A login screen alone is not evidence of end-to-end recovery.,True,Match,,fbf2b8d8ccbf4468aaf55fce005135f5/p2-4.6,Covered,Review required
IT,R-D2368CFD2806,Employees must obtain IT approval before installing software or browser extensions on company devices. IT must verify business purpose and permitted access before approval.,Employees must obtain IT approval before installing software or browser extensions on company devices. IT must verify business purpose and permitted access before approval.,True,Match,,a74212e00516450eb8f093cdf4ba9261/p2-4.6,Covered,Review required
IT,R-D460F8370B7B,Employees entering marked warehouse handling zones must wear the posted protective equipment. The supervisor must stop the task if suitable equipment is unavailable.,Employees entering marked warehouse handling zones must wear the posted protective equipment. The supervisor must stop the task if suitable equipment is unavailable.,True,Match,,727e0064e34d4dae893833f832bc8b10/p1-4.4,Covered,Review required
IT,R-D61B18CC5452,"Employees must store API keys and service credentials only in approved secret storage and must not include them in source repositories, screenshots, training examples or support tickets.","Employees must store API keys and service credentials only in approved secret storage and must not include them in source repositories, screenshots, training examples or support tickets.",True,Match,,a74212e00516450eb8f093cdf4ba9261/p2-4.7,Covered,Review required
IT,R-DCBEFFCDEA97,Only the incident lead or a designated spokesperson may issue incident updates to merchants or customers. Updates must distinguish confirmed impact from investigation assumptions.,Only the incident lead or a designated spokesperson may issue incident updates to merchants or customers. Updates must distinguish confirmed impact from investigation assumptions.,True,Match,,5a6b00e4d96e4e7084b19fbabc414bc2/p2-4.6,Covered,Review required
IT,R-DE731D4155C3,"Employees may suggest removal of unnecessary personal-data fields from forms, reports or dashboards to the relevant process owner.","Employees may suggest removal of unnecessary personal-data fields from forms, reports or dashboards to the relevant process owner.",True,Match,,29ae0ea0fd4848979e33a622147640f9/p2-4.8,Covered,Review required
IT,R-E37F9FDD2EBD,The IT Support Engineer must assign only the approved role permissions and record any time-limited exception with expiry and approving owner. Administrative access must not be the default.,The IT Support Engineer must assign only the approved role permissions and record any time-limited exception with expiry and approving owner. Administrative access must not be the default.,True,Match,,486430f821de4a1ea6f485c5d7b4709f/p1-4.2,Covered,Review required
IT,R-E8193BEEB971,"Employees must classify an incident as critical when it involves immediate physical danger, suspected exposure of customer data or complete loss of dispatch capability. Where severity is uncertain, they must escalate as critical pending review.","Employees must classify an incident as critical when it involves immediate physical danger, suspected exposure of customer data or complete loss of dispatch capability. Where severity is uncertain, they must escalate as critical pending review.",True,Match,,5a6b00e4d96e4e7084b19fbabc414bc2/p1-4.2,Covered,Review required
IT,R-ED681FEEAECA,Employees must check shipment and transaction identifiers before entering recovered work into the restored system. Potential duplicates must be held for review rather than posted again.,Employees must check shipment and transaction identifiers before entering recovered work into the restored system. Potential duplicates must be held for review rather than posted again.,True,Match,,fbf2b8d8ccbf4468aaf55fce005135f5/p2-4.5,Covered,Review required
IT,R-EF92A576A545,"Training managers must distribute learning across Day 1, Week 1, Week 2 and First 30 Days. Mandatory operational deadlines and prerequisites take priority over a convenient stage label.","Training managers must distribute learning across Day 1, Week 1, Week 2 and First 30 Days. Mandatory operational deadlines and prerequisites take priority over a convenient stage label.",True,Match,,8befbcac4db04e0a8e829c57dcdd2170/p1-4.3,Covered,Review required
IT,R-F0DD273F245B,Employees must report a non-urgent safety concern before the end of the current shift. An immediate danger requires stopping the activity and alerting the shift supervisor at once.,Employees must report a non-urgent safety concern before the end of the current shift. An immediate danger requires stopping the activity and alerting the shift supervisor at once.,True,Match,,727e0064e34d4dae893833f832bc8b10/p1-4.1,Covered,Review required
IT,R-F10DDE175C82,The IT Support Engineer must perform a monthly access review with managers and remove unapproved or expired permissions after recording the decision.,The IT Support Engineer must perform a monthly access review with managers and remove unapproved or expired permissions after recording the decision.,True,Match,,486430f821de4a1ea6f485c5d7b4709f/p2-4.7,Covered,Review required
IT,R-F2B0834EAC46,HR must restrict medical or other sensitive absence details to authorized People Operations staff. Operational managers receive only information needed to arrange work.,HR must restrict medical or other sensitive absence details to authorized People Operations staff. Operational managers receive only information needed to arrange work.,True,Match,,8fdf130200824965a79733d30e4c06f9/p2-4.7,Covered,Review required
IT,R-F5F5437807FF,"The Operations Manager must identify scope, owner and start date when issuing a preservation hold. Record owners must suspend scheduled deletion for the named records until written release.","The Operations Manager must identify scope, owner and start date when issuing a preservation hold. Record owners must suspend scheduled deletion for the named records until written release.",True,Match,,8a073cad84ed4b08a2f7cef3f4db050b/p2-4.5,Covered,Review required
IT,R-F7193D95C1AD,Employees are encouraged to arrange a weekly discussion with an experienced colleague during the first month to clarify workflows and identify useful practice.,Employees are encouraged to arrange a weekly discussion with an experienced colleague during the first month to clarify workflows and identify useful practice.,True,Match,,a30d6e8951e441a993e8caf97aac6c92/p2-4.8,Covered,Review required
IT,R-FB974B986599,"The incident lead must record recovery evidence, outstanding risks and corrective action owners before closure. The Operations Manager must review critical incidents within 2 working days after restoration.","The incident lead must record recovery evidence, outstanding risks and corrective action owners before closure. The Operations Manager must review critical incidents within 2 working days after restoration.",True,Match,,5a6b00e4d96e4e7084b19fbabc414bc2/p2-4.7,Covered,Review required
IT,R-FBB54B3BE669,"The IT Support Engineer must verify employee identity, current role and manager approval before provisioning access. A support message without an approved request is insufficient.","The IT Support Engineer must verify employee identity, current role and manager approval before provisioning access. A support message without an approved request is insufficient.",True,Match,,486430f821de4a1ea6f485c5d7b4709f/p1-4.1,Covered,Review required
IT,R-FC2BF34B9517,Employees must use individually assigned accounts and must not share passwords or authentication codes. Service accounts require a named IT owner and must not be used for routine interactive work.,Employees must use individually assigned accounts and must not share passwords or authentication codes. Service accounts require a named IT owner and must not be used for routine interactive work.,True,Match,,a74212e00516450eb8f093cdf4ba9261/p1-4.2,Covered,Review required
IT,R-FDB3D0561A1B,"Employees must follow the latest effective approved policy, then the applicable SOP, then an approved role guide, then an FAQ. A lower-authority document cannot override a policy; unresolved conflicts go to the policy owner before action.","Employees must follow the latest effective approved policy, then the applicable SOP, then an approved role guide, then an FAQ. A lower-authority document cannot override a policy; unresolved conflicts go to the policy owner before action.",True,Match,,a30d6e8951e441a993e8caf97aac6c92/p1-4.2,Covered,Review required
IT,R-FE4A4F93E455,Employees must notify the duty Operations Manager within 15 elapsed minutes of discovering a critical incident. Immediate emergency or containment actions must not wait for a ticket; the notification record must follow as soon as practical.,Employees must notify the duty Operations Manager within 15 elapsed minutes of discovering a critical incident. Immediate emergency or containment actions must not wait for a ticket; the notification record must follow as soon as practical.,True,Match,,5a6b00e4d96e4e7084b19fbabc414bc2/p1-4.1,Covered,Review required
IT,R-FF0FD20BF415,Employees must complete core orientation within 2 working days of joining. HR must schedule a replacement session within that deadline if the original session is cancelled.,Employees must complete core orientation within 2 working days of joining. HR must schedule a replacement session within that deadline if the original session is cancelled.,True,Match,,8befbcac4db04e0a8e829c57dcdd2170/p1-4.1,Covered,Review required
DA,R-0247D1BC923B,"Employees must acknowledge the current handbook within 1 working day of joining. If access is unavailable, HR records the outage and obtains a supervised paper acknowledgement within the same period.","Employees must acknowledge the current handbook within 1 working day of joining. If access is unavailable, HR records the outage and obtains a supervised paper acknowledgement within the same period.",True,Match,,a30d6e8951e441a993e8caf97aac6c92/p1-4.1,Covered,Review required
DA,R-00D790D2F6DF,"Employees must notify the manager as soon as reasonably possible when an emergency prevents attendance. Where the employee cannot communicate, HR must accept notification from a nominated contact and record the circumstances.","Employees must notify the manager as soon as reasonably possible when an emergency prevents attendance. Where the employee cannot communicate, HR must accept notification from a nominated contact and record the circumstances.",True,Match,,8fdf130200824965a79733d30e4c06f9/p1-4.3,Covered,Review required
DA,R-026FDABD5735,"Managers must review employee readiness by the end of the first 30 calendar days and document remaining gaps, supervised-work limits and follow-up dates.","Managers must review employee readiness by the end of the first 30 calendar days and document remaining gaps, supervised-work limits and follow-up dates.",True,Match,,8befbcac4db04e0a8e829c57dcdd2170/p2-4.7,Covered,Review required
DA,R-01A5ED733FCA,Record owners are encouraged to review archive searchability quarterly and propose improvements to naming or indexing.,Record owners are encouraged to review archive searchability quarterly and propose improvements to naming or indexing.,True,Match,,8a073cad84ed4b08a2f7cef3f4db050b/p2-4.8,Covered,Review required
DA,R-02E88985DB7B,Employees must store operational evidence in the approved case or document repository. A local copy must not become the sole record of a decision or transaction.,Employees must store operational evidence in the approved case or document repository. A local copy must not become the sole record of a decision or transaction.,True,Match,,8a073cad84ed4b08a2f7cef3f4db050b/p1-4.3,Covered,Review required
DA,R-06A38872D72D,Employees must stop an unintended transfer where possible and report suspected disclosure through POL-09 immediately. They must preserve evidence and must not conceal or silently delete the incident history.,Employees must stop an unintended transfer where possible and report suspected disclosure through POL-09 immediately. They must preserve evidence and must not conceal or silently delete the incident history.,True,Match,,29ae0ea0fd4848979e33a622147640f9/p2-4.7,Covered,Review required
DA,R-08FF3809E4D8,"Employees must communicate respectfully and must not harass, threaten or discriminate against another person. A witness must report concerns through the confidential HR channel without circulating the allegation to colleagues.","Employees must communicate respectfully and must not harass, threaten or discriminate against another person. A witness must report concerns through the confidential HR channel without circulating the allegation to colleagues.",True,Match,,73e1b29a357c41259bbdcc11a0632fa6/p1-4.2,Covered,Review required
DA,R-09ED55951BF3,Employees must score at least 80 percent on mandatory knowledge assessments. A failed attempt requires targeted revision and another attempt; the original result must remain recorded.,Employees must score at least 80 percent on mandatory knowledge assessments. A failed attempt requires targeted revision and another attempt; the original result must remain recorded.,True,Match,,8befbcac4db04e0a8e829c57dcdd2170/p1-4.4,Covered,Review required
DA,R-0A5D19127D72,Employees must request correction of an inaccurate attendance entry within 2 working days of discovering it. HR must retain the original value and the evidence supporting correction.,Employees must request correction of an inaccurate attendance entry within 2 working days of discovering it. HR must retain the original value and the evidence supporting correction.,True,Match,,8fdf130200824965a79733d30e4c06f9/p2-4.5,Covered,Review required
DA,R-0AB9BB1F1147,Document owners must link each revision to the superseded version and identify changed sections. Employees must use the version effective on the date of the activity; historical copies remain available for audit.,Document owners must link each revision to the superseded version and identify changed sections. Employees must use the version effective on the date of the activity; historical copies remain available for audit.,True,Match,,a30d6e8951e441a993e8caf97aac6c92/p1-4.4,Covered,Review required
DA,R-0EFA01E01C84,The duty Operations Manager must appoint an incident lead and record the handover. IT leads technical containment while the incident lead coordinates business decisions and communications.,The duty Operations Manager must appoint an incident lead and record the handover. IT leads technical containment while the incident lead coordinates business decisions and communications.,True,Match,,5a6b00e4d96e4e7084b19fbabc414bc2/p1-4.4,Covered,Review required
DA,R-15C4487260AD,Employees must delete approved temporary customer-data exports within 24 elapsed hours after the approved task ends. A documented preservation hold suspends deletion only for the records identified in that hold.,Employees must delete approved temporary customer-data exports within 24 elapsed hours after the approved task ends. A documented preservation hold suspends deletion only for the records identified in that hold.,True,Match,,29ae0ea0fd4848979e33a622147640f9/p1-4.1,Covered,Review required
DA,R-16B26D69B2E7,Employees must complete the relevant prerequisite training before independently performing restricted tasks. A manager may arrange supervised practice but must not mark an unmet prerequisite complete.,Employees must complete the relevant prerequisite training before independently performing restricted tasks. A manager may arrange supervised practice but must not mark an unmet prerequisite complete.,True,Match,,a30d6e8951e441a993e8caf97aac6c92/p2-4.6,Covered,Review required
DA,R-172546FABD6A,Employees must assess parcel weight and route before lifting and must request approved handling assistance when the posted safe-handling limit is exceeded. They must not invent a universal weight limit where a task assessment is required.,Employees must assess parcel weight and route before lifting and must request approved handling assistance when the posted safe-handling limit is exceeded. They must not invent a universal weight limit where a task assessment is required.,True,Match,,727e0064e34d4dae893833f832bc8b10/p2-4.6,Covered,Review required
DA,R-1796405D6767,Employees must demonstrate the critical steps of a role task to an authorized assessor before independent work. A numerical score cannot compensate for a failed safety or privacy critical step.,Employees must demonstrate the critical steps of a role task to an authorized assessor before independent work. A numerical score cannot compensate for a failed safety or privacy critical step.,True,Match,,8befbcac4db04e0a8e829c57dcdd2170/p2-4.5,Covered,Review required
DA,R-20D520DA4A8A,Employees must verify the requester using the approved workflow before disclosing shipment details. A shipment number alone does not authorize disclosure of the recipient address or contact details.,Employees must verify the requester using the approved workflow before disclosing shipment details. A shipment number alone does not authorize disclosure of the recipient address or contact details.,True,Match,,29ae0ea0fd4848979e33a622147640f9/p1-4.3,Covered,Review required
DA,R-21F568318B33,Employees are encouraged to discuss routine process frustrations privately with their manager and suggest a specific improvement supported by an example.,Employees are encouraged to discuss routine process frustrations privately with their manager and suggest a specific improvement supported by an example.,True,Match,,73e1b29a357c41259bbdcc11a0632fa6/p2-4.8,Covered,Review required
DA,R-239FAF9F2EB5,"Document owners must record document ID, owner, version, approval role and effective date before release. An unapproved draft must not be used to assign mandatory training.","Document owners must record document ID, owner, version, approval role and effective date before release. An unapproved draft must not be used to assign mandatory training.",True,Match,,a30d6e8951e441a993e8caf97aac6c92/p1-4.3,Covered,Review required
DA,R-280708ECD96C,"The Data Analyst must document the business question, requested fields and intended recipients before receiving restricted data. The Operations Manager must approve the scope.","The Data Analyst must document the business question, requested fields and intended recipients before receiving restricted data. The Operations Manager must approve the scope.",True,Match,,c5e7ca18faf44f67bb0c3e36fef438e6/p1-4.1,Covered,Review required
DA,R-2A86AFDA4BA8,Employees must use only the approved numbered fallback forms or controlled offline register during an outage. Personal notebooks and unapproved messaging groups must not hold customer records.,Employees must use only the approved numbered fallback forms or controlled offline register during an outage. Personal notebooks and unapproved messaging groups must not hold customer records.,True,Match,,fbf2b8d8ccbf4468aaf55fce005135f5/p1-4.3,Covered,Review required
DA,R-317D62E6916C,The Data Analyst must register temporary customer-data extracts and delete them within POL-06 limits unless an identified preservation hold applies.,The Data Analyst must register temporary customer-data extracts and delete them within POL-06 limits unless an identified preservation hold applies.,True,Match,,c5e7ca18faf44f67bb0c3e36fef438e6/p2-4.7,Covered,Review required
DA,R-4105856ED949,"Employees must report suspicious links, attachments or unexpected authentication requests to IT without opening them. If already opened, the employee must report the action and follow the incident process in POL-09.","Employees must report suspicious links, attachments or unexpected authentication requests to IT without opening them. If already opened, the employee must report the action and follow the incident process in POL-09.",True,Match,,a74212e00516450eb8f093cdf4ba9261/p2-4.5,Covered,Review required
DA,R-416209DCE36D,Employees must lock an unattended workstation immediately and configure automatic locking after no more than 5 minutes of inactivity. Shared warehouse terminals follow the same limit.,Employees must lock an unattended workstation immediately and configure automatic locking after no more than 5 minutes of inactivity. Shared warehouse terminals follow the same limit.,True,Match,,a74212e00516450eb8f093cdf4ba9261/p1-4.1,Covered,Review required
DA,R-460EAA2B4275,"Only the duty Operations Manager may activate the continuity procedure after assessing service impact. If immediate danger exists, employees must take the safety actions in POL-08 without waiting for activation.","Only the duty Operations Manager may activate the continuity procedure after assessing service impact. If immediate danger exists, employees must take the safety actions in POL-08 without waiting for activation.",True,Match,,fbf2b8d8ccbf4468aaf55fce005135f5/p1-4.2,Covered,Review required
DA,R-4A2C5688825E,Employees must submit a planned absence request at least 3 working days before the proposed start. The manager may approve shorter notice only after recording a coverage arrangement.,Employees must submit a planned absence request at least 3 working days before the proposed start. The manager may approve shorter notice only after recording a coverage arrangement.,True,Match,,8fdf130200824965a79733d30e4c06f9/p1-4.1,Covered,Review required
DA,R-4A6727C8C054,Managers must not disadvantage a person for raising a good-faith concern or participating in an investigation. Any alleged retaliation must be referred to the Managing Director.,Managers must not disadvantage a person for raising a good-faith concern or participating in an investigation. Any alleged retaliation must be referred to the Managing Director.,True,Match,,73e1b29a357c41259bbdcc11a0632fa6/p2-4.6,Covered,Review required
DA,R-4C4FDAD22DCE,Employees must stop work and use the signed evacuation route when the alarm sounds. They must report to the assembly point and must not re-enter until the incident lead authorizes it.,Employees must stop work and use the signed evacuation route when the alarm sounds. They must report to the assembly point and must not re-enter until the incident lead authorizes it.,True,Match,,727e0064e34d4dae893833f832bc8b10/p1-4.2,Covered,Review required
DA,R-50AFD826669E,"Employees hosting a visitor must arrange registration, a visible visitor pass and an escort in restricted areas. Visitors must not use employee access credentials.","Employees hosting a visitor must arrange registration, a visible visitor pass and an escort in restricted areas. Visitors must not use employee access credentials.",True,Match,,727e0064e34d4dae893833f832bc8b10/p2-4.5,Covered,Review required
DA,R-521A7E7E5CE2,"Employees must log access, correction or deletion requests and refer them to the Operations Manager on the same working day. Employees must not promise deletion before checking preservation requirements.","Employees must log access, correction or deletion requests and refer them to the Operations Manager on the same working day. Employees must not promise deletion before checking preservation requirements.",True,Match,,29ae0ea0fd4848979e33a622147640f9/p2-4.6,Covered,Review required
DA,R-54140A92ACBD,"Employees must record only shipment ID, action, time and assigned operator in the fallback register. Additional personal data requires explicit incident-lead approval and privacy controls.","Employees must record only shipment ID, action, time and assigned operator in the fallback register. Additional personal data requires explicit incident-lead approval and privacy controls.",True,Match,,fbf2b8d8ccbf4468aaf55fce005135f5/p1-4.4,Covered,Review required
DA,R-541FB3AC9BE0,Employees are encouraged to complete optional phishing simulations and discuss the warning signs with IT after the exercise.,Employees are encouraged to complete optional phishing simulations and discuss the warning signs with IT after the exercise.,True,Match,,a74212e00516450eb8f093cdf4ba9261/p2-4.8,Covered,Review required
DA,R-56209CC63AA4,Employees must not operate powered warehouse equipment without documented authorization and task-specific training. Observing another operator does not grant authorization.,Employees must not operate powered warehouse equipment without documented authorization and task-specific training. Observing another operator does not grant authorization.,True,Match,,727e0064e34d4dae893833f832bc8b10/p1-4.3,Covered,Review required
DA,R-5C483711F6BE,"HR must retain onboarding acknowledgements, assessment attempts and readiness decisions for 24 months after the employee leaves the company, unless a preservation hold applies.","HR must retain onboarding acknowledgements, assessment attempts and readiness decisions for 24 months after the employee leaves the company, unless a preservation hold applies.",True,Match,,8a073cad84ed4b08a2f7cef3f4db050b/p1-4.2,Covered,Review required
DA,R-5D8CE6DBF251,"The Data Analyst must document numerator, denominator, time window and exclusions for each published performance measure. A zero denominator must be shown as not applicable rather than a fabricated percentage.","The Data Analyst must document numerator, denominator, time window and exclusions for each published performance measure. A zero denominator must be shown as not applicable rather than a fabricated percentage.",True,Match,,c5e7ca18faf44f67bb0c3e36fef438e6/p1-4.4,Covered,Review required
DA,R-62750DC24AD9,Employees must use company-managed devices or an explicitly approved device profile to access restricted data. Personal storage services must not receive company files.,Employees must use company-managed devices or an explicitly approved device profile to access restricted data. Personal storage services must not receive company files.,True,Match,,a74212e00516450eb8f093cdf4ba9261/p1-4.4,Covered,Review required
DA,R-6333B99CFAF1,"Employees must transfer open tasks, critical deadlines and escalation contacts to the designated cover before planned absence. Customer personal data must remain in approved systems.","Employees must transfer open tasks, critical deadlines and escalation contacts to the designated cover before planned absence. Customer personal data must remain in approved systems.",True,Match,,8fdf130200824965a79733d30e4c06f9/p1-4.4,Covered,Review required
DA,R-63363D5F1647,"Employees may propose a simpler fallback step after a rehearsal, provided the proposal preserves privacy, traceability and independent approval.","Employees may propose a simpler fallback step after a rehearsal, provided the proposal preserves privacy, traceability and independent approval.",True,Match,,fbf2b8d8ccbf4468aaf55fce005135f5/p2-4.8,Covered,Review required
DA,R-65621E95FCDC,"Employees must declare any offered gift valued above PKR 1,000 to HR before accepting it. Cash and cash-equivalent gifts are prohibited at any value; splitting a gift does not avoid this rule.","Employees must declare any offered gift valued above PKR 1,000 to HR before accepting it. Cash and cash-equivalent gifts are prohibited at any value; splitting a gift does not avoid this rule.",True,Match,,73e1b29a357c41259bbdcc11a0632fa6/p1-4.1,Covered,Review required
DA,R-67BE00C0C731,"Assigned record owners must reconcile fallback entries within 1 working day of restoration, resolve mismatches and dispose of temporary copies according to POL-06 and POL-07.","Assigned record owners must reconcile fallback entries within 1 working day of restoration, resolve mismatches and dispose of temporary copies according to POL-06 and POL-07.",True,Match,,fbf2b8d8ccbf4468aaf55fce005135f5/p2-4.7,Covered,Review required
DA,R-6A27F9B64A77,Employees must use fictional or irreversibly anonymized customer examples in training and demonstrations. Replacing a name alone does not anonymize a record containing a real telephone number or address.,Employees must use fictional or irreversibly anonymized customer examples in training and demonstrations. Replacing a name alone does not anonymize a record containing a real telephone number or address.,True,Match,,29ae0ea0fd4848979e33a622147640f9/p2-4.5,Covered,Review required
DA,R-6A4D4713C188,Employees must obtain Managing Director approval before representing the company publicly or publishing customer-related material. Personal accounts must not disclose internal records.,Employees must obtain Managing Director approval before representing the company publicly or publishing customer-related material. Personal accounts must not disclose internal records.,True,Match,,73e1b29a357c41259bbdcc11a0632fa6/p2-4.7,Covered,Review required
DA,R-6AF4B1D576E8,"Employees must record actual events and must not fabricate delivery attempts, training completion, assessment results or approvals. Corrections must retain the original entry and the reason for amendment.","Employees must record actual events and must not fabricate delivery attempts, training completion, assessment results or approvals. Corrections must retain the original entry and the reason for amendment.",True,Match,,73e1b29a357c41259bbdcc11a0632fa6/p1-4.4,Covered,Review required
DA,R-77EA0AF82AE6,"Responders must preserve relevant logs, messages and event identifiers without modifying originals. Evidence access must be restricted to the response team and a preservation hold applied where necessary.","Responders must preserve relevant logs, messages and event identifiers without modifying originals. Evidence access must be restricted to the response team and a preservation hold applied where necessary.",True,Match,,5a6b00e4d96e4e7084b19fbabc414bc2/p2-4.5,Covered,Review required
DA,R-788101420862,"Employees must use the confidential HR channel to report misconduct. If the concern involves HR, the report must go directly to the Managing Director.","Employees must use the confidential HR channel to report misconduct. If the concern involves HR, the report must go directly to the Managing Director.",True,Match,,73e1b29a357c41259bbdcc11a0632fa6/p2-4.5,Covered,Review required
DA,R-796BDA01E379,"Employees must obtain recorded approval before taking planned leave. Submission alone is not approval, and employees must not approve their own request.","Employees must obtain recorded approval before taking planned leave. Submission alone is not approval, and employees must not approve their own request.",True,Match,,8fdf130200824965a79733d30e4c06f9/p1-4.2,Covered,Review required
DA,R-7ABC2572F614,Employees may select an optional development topic after agreeing the time allocation with their manager; optional learning must not delay mandatory training.,Employees may select an optional development topic after agreeing the time allocation with their manager; optional learning must not delay mandatory training.,True,Match,,8befbcac4db04e0a8e829c57dcdd2170/p2-4.8,Covered,Review required
DA,R-80EBF00AEAAB,Employees must transfer personal data only through approved company systems to authorized recipients. Personal messaging accounts and publicly accessible links are prohibited.,Employees must transfer personal data only through approved company systems to authorized recipients. Personal messaging accounts and publicly accessible links are prohibited.,True,Match,,29ae0ea0fd4848979e33a622147640f9/p1-4.4,Covered,Review required
DA,R-856AAFA35458,Record owners must retain routine delivery-event records for 180 calendar days after case closure. A documented preservation hold overrides routine deletion until the hold is formally released.,Record owners must retain routine delivery-event records for 180 calendar days after case closure. A documented preservation hold overrides routine deletion until the hold is formally released.,True,Match,,8a073cad84ed4b08a2f7cef3f4db050b/p1-4.1,Covered,Review required
DA,R-8BA18FD38761,Employees must refer records with no applicable retention category to the Operations Manager before deletion. They must not infer a deadline from an unrelated record type.,Employees must refer records with no applicable retention category to the Operations Manager before deletion. They must not infer a deadline from an unrelated record type.,True,Match,,8a073cad84ed4b08a2f7cef3f4db050b/p2-4.7,Covered,Review required
DA,R-8F2800010EB4,Teams are encouraged to rehearse one incident scenario each month and document a specific improvement to the response procedure.,Teams are encouraged to rehearse one incident scenario each month and document a specific improvement to the response procedure.,True,Match,,5a6b00e4d96e4e7084b19fbabc414bc2/p2-4.8,Covered,Review required
DA,R-90FF05CBE79C,"HR must assign an onboarding plan based on role, experience, location and applicable requirements. Prior experience may change practice difficulty but must not remove mandatory acknowledgements.","HR must assign an onboarding plan based on role, experience, location and applicable requirements. Prior experience may change practice difficulty but must not remove mandatory acknowledgements.",True,Match,,8befbcac4db04e0a8e829c57dcdd2170/p1-4.2,Covered,Review required
DA,R-921011B44D9A,Employees must access and collect only the customer fields needed for an assigned task. Full identity documents must not be requested for routine parcel tracking.,Employees must access and collect only the customer fields needed for an assigned task. Full identity documents must not be requested for routine parcel tracking.,True,Match,,29ae0ea0fd4848979e33a622147640f9/p1-4.2,Covered,Review required
DA,R-9219901BB6BC,"The first available responder must create an incident record containing observed facts, discovery time, affected services and initial actions. Speculation must be labelled and credentials must be excluded.","The first available responder must create an incident record containing observed facts, discovery time, affected services and initial actions. Speculation must be labelled and credentials must be excluded.",True,Match,,5a6b00e4d96e4e7084b19fbabc414bc2/p1-4.3,Covered,Review required
DA,R-97784A35A8C5,"During an activated continuity event, the incident lead must issue an internal status checkpoint at least every 30 elapsed minutes until normal service resumes. A checkpoint must state current impact, owner and next update time.","During an activated continuity event, the incident lead must issue an internal status checkpoint at least every 30 elapsed minutes until normal service resumes. A checkpoint must state current impact, owner and next update time.",True,Match,,fbf2b8d8ccbf4468aaf55fce005135f5/p1-4.1,Covered,Review required
DA,R-9B5C315B5ED3,The Data Analyst must use approved source datasets and record their extraction time and version. An unverified spreadsheet must not silently replace an authoritative dataset.,The Data Analyst must use approved source datasets and record their extraction time and version. An unverified spreadsheet must not silently replace an authoritative dataset.,True,Match,,c5e7ca18faf44f67bb0c3e36fef438e6/p1-4.2,Covered,Review required
DA,R-9DDB4F577CF4,"Record owners must correct errors through an auditable amendment recording author, time and reason. Original transaction values must not be overwritten without history.","Record owners must correct errors through an auditable amendment recording author, time and reason. Original transaction values must not be overwritten without history.",True,Match,,8a073cad84ed4b08a2f7cef3f4db050b/p1-4.4,Covered,Review required
DA,R-9EF7F566A1DD,The Data Analyst must remove direct identifiers unless the approved question requires them. Group-level reporting must suppress cells containing fewer than 5 individuals or shipments where re-identification is plausible.,The Data Analyst must remove direct identifiers unless the approved question requires them. Group-level reporting must suppress cells containing fewer than 5 individuals or shipments where re-identification is plausible.,True,Match,,c5e7ca18faf44f67bb0c3e36fef438e6/p1-4.3,Covered,Review required
DA,R-A58C9C4E3A41,Employees must pause the affected activity and ask the document owner when two equally authoritative instructions conflict or a necessary limit is missing. The owner must record the resolution before work resumes.,Employees must pause the affected activity and ask the document owner when two equally authoritative instructions conflict or a necessary limit is missing. The owner must record the resolution before work resumes.,True,Match,,a30d6e8951e441a993e8caf97aac6c92/p2-4.7,Covered,Review required
DA,R-A79CA2D2BCA4,Employees are encouraged to discuss anticipated leave early so teams can plan coverage before a formal request is submitted.,Employees are encouraged to discuss anticipated leave early so teams can plan coverage before a formal request is submitted.,True,Match,,8fdf130200824965a79733d30e4c06f9/p2-4.8,Covered,Review required
DA,R-A93A8597F48D,"Managers must confirm required operational coverage before approving concurrent absences. If coverage cannot be arranged, the manager must record the reason and discuss alternative dates.","Managers must confirm required operational coverage before approving concurrent absences. If coverage cannot be arranged, the manager must record the reason and discuss alternative dates.",True,Match,,8fdf130200824965a79733d30e4c06f9/p2-4.6,Covered,Review required
DA,R-A9DAFEDE9F59,"Employees must activate multifactor authentication before accessing email, remote access or systems holding customer records. IT must provide an approved recovery method rather than disabling the requirement.","Employees must activate multifactor authentication before accessing email, remote access or systems holding customer records. IT must provide an approved recovery method rather than disabling the requirement.",True,Match,,a74212e00516450eb8f093cdf4ba9261/p1-4.3,Covered,Review required
DA,R-ABF97164BFCF,"Record owners must use approved disposal methods and retain a disposal log identifying category, date range, authorization and completion date. Disposal must not expose readable personal data.","Record owners must use approved disposal methods and retain a disposal log identifying category, date range, authorization and completion date. Disposal must not expose readable personal data.",True,Match,,8a073cad84ed4b08a2f7cef3f4db050b/p2-4.6,Covered,Review required
DA,R-AE0187016E1F,"Employees must disclose a personal or financial relationship with a merchant or supplier before participating in its selection, payment or complaint decision. The manager must assign an independent decision-maker.","Employees must disclose a personal or financial relationship with a merchant or supplier before participating in its selection, payment or complaint decision. The manager must assign an independent decision-maker.",True,Match,,73e1b29a357c41259bbdcc11a0632fa6/p1-4.3,Covered,Review required
DA,R-B491BB779BFC,Employees are encouraged to suggest improvements to workstation layout or parcel movement after discussing them with the supervisor.,Employees are encouraged to suggest improvements to workstation layout or parcel movement after discussing them with the supervisor.,True,Match,,727e0064e34d4dae893833f832bc8b10/p2-4.8,Covered,Review required
DA,R-BFF9EB81EA64,"The Data Analyst must check missing identifiers, duplicate events and inconsistent timestamps before publication. Material limitations must appear with the report.","The Data Analyst must check missing identifiers, duplicate events and inconsistent timestamps before publication. Material limitations must appear with the report.",True,Match,,c5e7ca18faf44f67bb0c3e36fef438e6/p2-4.5,Covered,Review required
DA,R-C0183A0DD53E,Reviewers must verify required evidence before recording completion. Reading a module alone does not demonstrate practical competence or substitute for a required policy acknowledgement.,Reviewers must verify required evidence before recording completion. Reading a module alone does not demonstrate practical competence or substitute for a required policy acknowledgement.,True,Match,,8befbcac4db04e0a8e829c57dcdd2170/p2-4.6,Covered,Review required
DA,R-C536107E2F1C,Employees must record near misses even when no injury or damage occurs. The supervisor must assign a corrective action owner and verify completion.,Employees must record near misses even when no injury or damage occurs. The supervisor must assign a corrective action owner and verify completion.,True,Match,,727e0064e34d4dae893833f832bc8b10/p2-4.7,Covered,Review required
DA,R-C9AD2FB5C935,The Data Analyst may explore additional aggregate measures in a clearly labelled experimental report that is not used for operational decisions before review.,The Data Analyst may explore additional aggregate measures in a clearly labelled experimental report that is not used for operational decisions before review.,True,Match,,c5e7ca18faf44f67bb0c3e36fef438e6/p2-4.8,Covered,Review required
DA,R-CACCDCA035FC,"HR must record each employee role, department, joining date and reporting manager before assigning onboarding. A temporary role change requires a recorded start date, end date and additional requirements.","HR must record each employee role, department, joining date and reporting manager before assigning onboarding. A temporary role change requires a recorded start date, end date and additional requirements.",True,Match,,a30d6e8951e441a993e8caf97aac6c92/p2-4.5,Covered,Review required
DA,R-CFD5B53A76C6,"The Data Analyst must obtain owner review before publishing a report used for merchant or employee decisions. Review must cover interpretation, privacy and data quality.","The Data Analyst must obtain owner review before publishing a report used for merchant or employee decisions. Review must cover interpretation, privacy and data quality.",True,Match,,c5e7ca18faf44f67bb0c3e36fef438e6/p2-4.6,Covered,Review required
DA,R-D1ACEA25E7B8,The incident lead must obtain an IT health check and an operational sample check before declaring normal service restored. A login screen alone is not evidence of end-to-end recovery.,The incident lead must obtain an IT health check and an operational sample check before declaring normal service restored. A login screen alone is not evidence of end-to-end recovery.,True,Match,,fbf2b8d8ccbf4468aaf55fce005135f5/p2-4.6,Covered,Review required
DA,R-D2368CFD2806,Employees must obtain IT approval before installing software or browser extensions on company devices. IT must verify business purpose and permitted access before approval.,Employees must obtain IT approval before installing software or browser extensions on company devices. IT must verify business purpose and permitted access before approval.,True,Match,,a74212e00516450eb8f093cdf4ba9261/p2-4.6,Covered,Review required
DA,R-D460F8370B7B,Employees entering marked warehouse handling zones must wear the posted protective equipment. The supervisor must stop the task if suitable equipment is unavailable.,Employees entering marked warehouse handling zones must wear the posted protective equipment. The supervisor must stop the task if suitable equipment is unavailable.,True,Match,,727e0064e34d4dae893833f832bc8b10/p1-4.4,Covered,Review required
DA,R-D61B18CC5452,"Employees must store API keys and service credentials only in approved secret storage and must not include them in source repositories, screenshots, training examples or support tickets.","Employees must store API keys and service credentials only in approved secret storage and must not include them in source repositories, screenshots, training examples or support tickets.",True,Match,,a74212e00516450eb8f093cdf4ba9261/p2-4.7,Covered,Review required
DA,R-DCBEFFCDEA97,Only the incident lead or a designated spokesperson may issue incident updates to merchants or customers. Updates must distinguish confirmed impact from investigation assumptions.,Only the incident lead or a designated spokesperson may issue incident updates to merchants or customers. Updates must distinguish confirmed impact from investigation assumptions.,True,Match,,5a6b00e4d96e4e7084b19fbabc414bc2/p2-4.6,Covered,Review required
DA,R-DE731D4155C3,"Employees may suggest removal of unnecessary personal-data fields from forms, reports or dashboards to the relevant process owner.","Employees may suggest removal of unnecessary personal-data fields from forms, reports or dashboards to the relevant process owner.",True,Match,,29ae0ea0fd4848979e33a622147640f9/p2-4.8,Covered,Review required
DA,R-E8193BEEB971,"Employees must classify an incident as critical when it involves immediate physical danger, suspected exposure of customer data or complete loss of dispatch capability. Where severity is uncertain, they must escalate as critical pending review.","Employees must classify an incident as critical when it involves immediate physical danger, suspected exposure of customer data or complete loss of dispatch capability. Where severity is uncertain, they must escalate as critical pending review.",True,Match,,5a6b00e4d96e4e7084b19fbabc414bc2/p1-4.2,Covered,Review required
DA,R-ED681FEEAECA,Employees must check shipment and transaction identifiers before entering recovered work into the restored system. Potential duplicates must be held for review rather than posted again.,Employees must check shipment and transaction identifiers before entering recovered work into the restored system. Potential duplicates must be held for review rather than posted again.,True,Match,,fbf2b8d8ccbf4468aaf55fce005135f5/p2-4.5,Covered,Review required
DA,R-EF92A576A545,"Training managers must distribute learning across Day 1, Week 1, Week 2 and First 30 Days. Mandatory operational deadlines and prerequisites take priority over a convenient stage label.","Training managers must distribute learning across Day 1, Week 1, Week 2 and First 30 Days. Mandatory operational deadlines and prerequisites take priority over a convenient stage label.",True,Match,,8befbcac4db04e0a8e829c57dcdd2170/p1-4.3,Covered,Review required
DA,R-F0DD273F245B,Employees must report a non-urgent safety concern before the end of the current shift. An immediate danger requires stopping the activity and alerting the shift supervisor at once.,Employees must report a non-urgent safety concern before the end of the current shift. An immediate danger requires stopping the activity and alerting the shift supervisor at once.,True,Match,,727e0064e34d4dae893833f832bc8b10/p1-4.1,Covered,Review required
DA,R-F2B0834EAC46,HR must restrict medical or other sensitive absence details to authorized People Operations staff. Operational managers receive only information needed to arrange work.,HR must restrict medical or other sensitive absence details to authorized People Operations staff. Operational managers receive only information needed to arrange work.,True,Match,,8fdf130200824965a79733d30e4c06f9/p2-4.7,Covered,Review required
DA,R-F5F5437807FF,"The Operations Manager must identify scope, owner and start date when issuing a preservation hold. Record owners must suspend scheduled deletion for the named records until written release.","The Operations Manager must identify scope, owner and start date when issuing a preservation hold. Record owners must suspend scheduled deletion for the named records until written release.",True,Match,,8a073cad84ed4b08a2f7cef3f4db050b/p2-4.5,Covered,Review required
DA,R-F7193D95C1AD,Employees are encouraged to arrange a weekly discussion with an experienced colleague during the first month to clarify workflows and identify useful practice.,Employees are encouraged to arrange a weekly discussion with an experienced colleague during the first month to clarify workflows and identify useful practice.,True,Match,,a30d6e8951e441a993e8caf97aac6c92/p2-4.8,Covered,Review required
DA,R-FB974B986599,"The incident lead must record recovery evidence, outstanding risks and corrective action owners before closure. The Operations Manager must review critical incidents within 2 working days after restoration.","The incident lead must record recovery evidence, outstanding risks and corrective action owners before closure. The Operations Manager must review critical incidents within 2 working days after restoration.",True,Match,,5a6b00e4d96e4e7084b19fbabc414bc2/p2-4.7,Covered,Review required
DA,R-FF0FD20BF415,Employees must complete core orientation within 2 working days of joining. HR must schedule a replacement session within that deadline if the original session is cancelled.,Employees must complete core orientation within 2 working days of joining. HR must schedule a replacement session within that deadline if the original session is cancelled.,True,Match,,8befbcac4db04e0a8e829c57dcdd2170/p1-4.1,Covered,Review required
DA,R-FC2BF34B9517,Employees must use individually assigned accounts and must not share passwords or authentication codes. Service accounts require a named IT owner and must not be used for routine interactive work.,Employees must use individually assigned accounts and must not share passwords or authentication codes. Service accounts require a named IT owner and must not be used for routine interactive work.,True,Match,,a74212e00516450eb8f093cdf4ba9261/p1-4.2,Covered,Review required
DA,R-FDB3D0561A1B,"Employees must follow the latest effective approved policy, then the applicable SOP, then an approved role guide, then an FAQ. A lower-authority document cannot override a policy; unresolved conflicts go to the policy owner before action.","Employees must follow the latest effective approved policy, then the applicable SOP, then an approved role guide, then an FAQ. A lower-authority document cannot override a policy; unresolved conflicts go to the policy owner before action.",True,Match,,a30d6e8951e441a993e8caf97aac6c92/p1-4.2,Covered,Review required
DA,R-FE4A4F93E455,Employees must notify the duty Operations Manager within 15 elapsed minutes of discovering a critical incident. Immediate emergency or containment actions must not wait for a ticket; the notification record must follow as soon as practical.,Employees must notify the duty Operations Manager within 15 elapsed minutes of discovering a critical incident. Immediate emergency or containment actions must not wait for a ticket; the notification record must follow as soon as practical.,True,Match,,5a6b00e4d96e4e7084b19fbabc414bc2/p1-4.1,Covered,Review required
OM,R-0247D1BC923B,"Employees must acknowledge the current handbook within 1 working day of joining. If access is unavailable, HR records the outage and obtains a supervised paper acknowledgement within the same period.","Employees must acknowledge the current handbook within 1 working day of joining. If access is unavailable, HR records the outage and obtains a supervised paper acknowledgement within the same period.",True,Match,,a30d6e8951e441a993e8caf97aac6c92/p1-4.1,Covered,Review required
OM,R-00D790D2F6DF,"Employees must notify the manager as soon as reasonably possible when an emergency prevents attendance. Where the employee cannot communicate, HR must accept notification from a nominated contact and record the circumstances.","Employees must notify the manager as soon as reasonably possible when an emergency prevents attendance. Where the employee cannot communicate, HR must accept notification from a nominated contact and record the circumstances.",True,Match,,8fdf130200824965a79733d30e4c06f9/p1-4.3,Covered,Review required
OM,R-01CF1F81F114,"The Operations Manager must independently review payment and settlement evidence before approval. If personally involved as preparer, approval must be referred to the Managing Director.","The Operations Manager must independently review payment and settlement evidence before approval. If personally involved as preparer, approval must be referred to the Managing Director.",True,Match,,687a2afe8ed84fb4b4768e86f0d4259c/p1-4.3,Covered,Review required
OM,R-01A5ED733FCA,Record owners are encouraged to review archive searchability quarterly and propose improvements to naming or indexing.,Record owners are encouraged to review archive searchability quarterly and propose improvements to naming or indexing.,True,Match,,8a073cad84ed4b08a2f7cef3f4db050b/p2-4.8,Covered,Review required
OM,R-026FDABD5735,"Managers must review employee readiness by the end of the first 30 calendar days and document remaining gaps, supervised-work limits and follow-up dates.","Managers must review employee readiness by the end of the first 30 calendar days and document remaining gaps, supervised-work limits and follow-up dates.",True,Match,,8befbcac4db04e0a8e829c57dcdd2170/p2-4.7,Covered,Review required
OM,R-02E88985DB7B,Employees must store operational evidence in the approved case or document repository. A local copy must not become the sole record of a decision or transaction.,Employees must store operational evidence in the approved case or document repository. A local copy must not become the sole record of a decision or transaction.,True,Match,,8a073cad84ed4b08a2f7cef3f4db050b/p1-4.3,Covered,Review required
OM,R-06A38872D72D,Employees must stop an unintended transfer where possible and report suspected disclosure through POL-09 immediately. They must preserve evidence and must not conceal or silently delete the incident history.,Employees must stop an unintended transfer where possible and report suspected disclosure through POL-09 immediately. They must preserve evidence and must not conceal or silently delete the incident history.,True,Match,,29ae0ea0fd4848979e33a622147640f9/p2-4.7,Covered,Review required
OM,R-08FF3809E4D8,"Employees must communicate respectfully and must not harass, threaten or discriminate against another person. A witness must report concerns through the confidential HR channel without circulating the allegation to colleagues.","Employees must communicate respectfully and must not harass, threaten or discriminate against another person. A witness must report concerns through the confidential HR channel without circulating the allegation to colleagues.",True,Match,,73e1b29a357c41259bbdcc11a0632fa6/p1-4.2,Covered,Review required
OM,R-09ED55951BF3,Employees must score at least 80 percent on mandatory knowledge assessments. A failed attempt requires targeted revision and another attempt; the original result must remain recorded.,Employees must score at least 80 percent on mandatory knowledge assessments. A failed attempt requires targeted revision and another attempt; the original result must remain recorded.,True,Match,,8befbcac4db04e0a8e829c57dcdd2170/p1-4.4,Covered,Review required
OM,R-0A5D19127D72,Employees must request correction of an inaccurate attendance entry within 2 working days of discovering it. HR must retain the original value and the evidence supporting correction.,Employees must request correction of an inaccurate attendance entry within 2 working days of discovering it. HR must retain the original value and the evidence supporting correction.,True,Match,,8fdf130200824965a79733d30e4c06f9/p2-4.5,Covered,Review required
OM,R-0AB9BB1F1147,Document owners must link each revision to the superseded version and identify changed sections. Employees must use the version effective on the date of the activity; historical copies remain available for audit.,Document owners must link each revision to the superseded version and identify changed sections. Employees must use the version effective on the date of the activity; historical copies remain available for audit.,True,Match,,a30d6e8951e441a993e8caf97aac6c92/p1-4.4,Covered,Review required
OM,R-0EFA01E01C84,The duty Operations Manager must appoint an incident lead and record the handover. IT leads technical containment while the incident lead coordinates business decisions and communications.,The duty Operations Manager must appoint an incident lead and record the handover. IT leads technical containment while the incident lead coordinates business decisions and communications.,True,Match,,5a6b00e4d96e4e7084b19fbabc414bc2/p1-4.4,Covered,Review required
OM,R-15C4487260AD,Employees must delete approved temporary customer-data exports within 24 elapsed hours after the approved task ends. A documented preservation hold suspends deletion only for the records identified in that hold.,Employees must delete approved temporary customer-data exports within 24 elapsed hours after the approved task ends. A documented preservation hold suspends deletion only for the records identified in that hold.,True,Match,,29ae0ea0fd4848979e33a622147640f9/p1-4.1,Covered,Review required
OM,R-16B26D69B2E7,Employees must complete the relevant prerequisite training before independently performing restricted tasks. A manager may arrange supervised practice but must not mark an unmet prerequisite complete.,Employees must complete the relevant prerequisite training before independently performing restricted tasks. A manager may arrange supervised practice but must not mark an unmet prerequisite complete.,True,Match,,a30d6e8951e441a993e8caf97aac6c92/p2-4.6,Covered,Review required
OM,R-172546FABD6A,Employees must assess parcel weight and route before lifting and must request approved handling assistance when the posted safe-handling limit is exceeded. They must not invent a universal weight limit where a task assessment is required.,Employees must assess parcel weight and route before lifting and must request approved handling assistance when the posted safe-handling limit is exceeded. They must not invent a universal weight limit where a task assessment is required.,True,Match,,727e0064e34d4dae893833f832bc8b10/p2-4.6,Covered,Review required
OM,R-1796405D6767,Employees must demonstrate the critical steps of a role task to an authorized assessor before independent work. A numerical score cannot compensate for a failed safety or privacy critical step.,Employees must demonstrate the critical steps of a role task to an authorized assessor before independent work. A numerical score cannot compensate for a failed safety or privacy critical step.,True,Match,,8befbcac4db04e0a8e829c57dcdd2170/p2-4.5,Covered,Review required
OM,R-20D520DA4A8A,Employees must verify the requester using the approved workflow before disclosing shipment details. A shipment number alone does not authorize disclosure of the recipient address or contact details.,Employees must verify the requester using the approved workflow before disclosing shipment details. A shipment number alone does not authorize disclosure of the recipient address or contact details.,True,Match,,29ae0ea0fd4848979e33a622147640f9/p1-4.3,Covered,Review required
OM,R-21F568318B33,Employees are encouraged to discuss routine process frustrations privately with their manager and suggest a specific improvement supported by an example.,Employees are encouraged to discuss routine process frustrations privately with their manager and suggest a specific improvement supported by an example.,True,Match,,73e1b29a357c41259bbdcc11a0632fa6/p2-4.8,Covered,Review required
OM,R-239FAF9F2EB5,"Document owners must record document ID, owner, version, approval role and effective date before release. An unapproved draft must not be used to assign mandatory training.","Document owners must record document ID, owner, version, approval role and effective date before release. An unapproved draft must not be used to assign mandatory training.",True,Match,,a30d6e8951e441a993e8caf97aac6c92/p1-4.3,Covered,Review required
OM,R-2A86AFDA4BA8,Employees must use only the approved numbered fallback forms or controlled offline register during an outage. Personal notebooks and unapproved messaging groups must not hold customer records.,Employees must use only the approved numbered fallback forms or controlled offline register during an outage. Personal notebooks and unapproved messaging groups must not hold customer records.,True,Match,,fbf2b8d8ccbf4468aaf55fce005135f5/p1-4.3,Covered,Review required
OM,R-3AF0937A55AC,"The Operations Manager must review staffing, dispatch capacity, system status and unresolved critical incidents before each operating day. Any restriction must be communicated to affected teams.","The Operations Manager must review staffing, dispatch capacity, system status and unresolved critical incidents before each operating day. Any restriction must be communicated to affected teams.",True,Match,,687a2afe8ed84fb4b4768e86f0d4259c/p1-4.1,Covered,Review required
OM,R-4105856ED949,"Employees must report suspicious links, attachments or unexpected authentication requests to IT without opening them. If already opened, the employee must report the action and follow the incident process in POL-09.","Employees must report suspicious links, attachments or unexpected authentication requests to IT without opening them. If already opened, the employee must report the action and follow the incident process in POL-09.",True,Match,,a74212e00516450eb8f093cdf4ba9261/p2-4.5,Covered,Review required
OM,R-416209DCE36D,Employees must lock an unattended workstation immediately and configure automatic locking after no more than 5 minutes of inactivity. Shared warehouse terminals follow the same limit.,Employees must lock an unattended workstation immediately and configure automatic locking after no more than 5 minutes of inactivity. Shared warehouse terminals follow the same limit.,True,Match,,a74212e00516450eb8f093cdf4ba9261/p1-4.1,Covered,Review required
OM,R-460EAA2B4275,"Only the duty Operations Manager may activate the continuity procedure after assessing service impact. If immediate danger exists, employees must take the safety actions in POL-08 without waiting for activation.","Only the duty Operations Manager may activate the continuity procedure after assessing service impact. If immediate danger exists, employees must take the safety actions in POL-08 without waiting for activation.",True,Match,,fbf2b8d8ccbf4468aaf55fce005135f5/p1-4.2,Covered,Review required
OM,R-4A2C5688825E,Employees must submit a planned absence request at least 3 working days before the proposed start. The manager may approve shorter notice only after recording a coverage arrangement.,Employees must submit a planned absence request at least 3 working days before the proposed start. The manager may approve shorter notice only after recording a coverage arrangement.,True,Match,,8fdf130200824965a79733d30e4c06f9/p1-4.1,Covered,Review required
OM,R-4A6727C8C054,Managers must not disadvantage a person for raising a good-faith concern or participating in an investigation. Any alleged retaliation must be referred to the Managing Director.,Managers must not disadvantage a person for raising a good-faith concern or participating in an investigation. Any alleged retaliation must be referred to the Managing Director.,True,Match,,73e1b29a357c41259bbdcc11a0632fa6/p2-4.6,Covered,Review required
OM,R-4C4FDAD22DCE,Employees must stop work and use the signed evacuation route when the alarm sounds. They must report to the assembly point and must not re-enter until the incident lead authorizes it.,Employees must stop work and use the signed evacuation route when the alarm sounds. They must report to the assembly point and must not re-enter until the incident lead authorizes it.,True,Match,,727e0064e34d4dae893833f832bc8b10/p1-4.2,Covered,Review required
OM,R-50AFD826669E,"Employees hosting a visitor must arrange registration, a visible visitor pass and an escort in restricted areas. Visitors must not use employee access credentials.","Employees hosting a visitor must arrange registration, a visible visitor pass and an escort in restricted areas. Visitors must not use employee access credentials.",True,Match,,727e0064e34d4dae893833f832bc8b10/p2-4.5,Covered,Review required
OM,R-521A7E7E5CE2,"Employees must log access, correction or deletion requests and refer them to the Operations Manager on the same working day. Employees must not promise deletion before checking preservation requirements.","Employees must log access, correction or deletion requests and refer them to the Operations Manager on the same working day. Employees must not promise deletion before checking preservation requirements.",True,Match,,29ae0ea0fd4848979e33a622147640f9/p2-4.6,Covered,Review required
OM,R-54140A92ACBD,"Employees must record only shipment ID, action, time and assigned operator in the fallback register. Additional personal data requires explicit incident-lead approval and privacy controls.","Employees must record only shipment ID, action, time and assigned operator in the fallback register. Additional personal data requires explicit incident-lead approval and privacy controls.",True,Match,,fbf2b8d8ccbf4468aaf55fce005135f5/p1-4.4,Covered,Review required
OM,R-541FB3AC9BE0,Employees are encouraged to complete optional phishing simulations and discuss the warning signs with IT after the exercise.,Employees are encouraged to complete optional phishing simulations and discuss the warning signs with IT after the exercise.,True,Match,,a74212e00516450eb8f093cdf4ba9261/p2-4.8,Covered,Review required
OM,R-56209CC63AA4,Employees must not operate powered warehouse equipment without documented authorization and task-specific training. Observing another operator does not grant authorization.,Employees must not operate powered warehouse equipment without documented authorization and task-specific training. Observing another operator does not grant authorization.,True,Match,,727e0064e34d4dae893833f832bc8b10/p1-4.3,Covered,Review required
OM,R-5C483711F6BE,"HR must retain onboarding acknowledgements, assessment attempts and readiness decisions for 24 months after the employee leaves the company, unless a preservation hold applies.","HR must retain onboarding acknowledgements, assessment attempts and readiness decisions for 24 months after the employee leaves the company, unless a preservation hold applies.",True,Match,,8a073cad84ed4b08a2f7cef3f4db050b/p1-4.2,Covered,Review required
OM,R-62750DC24AD9,Employees must use company-managed devices or an explicitly approved device profile to access restricted data. Personal storage services must not receive company files.,Employees must use company-managed devices or an explicitly approved device profile to access restricted data. Personal storage services must not receive company files.,True,Match,,a74212e00516450eb8f093cdf4ba9261/p1-4.4,Covered,Review required
OM,R-6333B99CFAF1,"Employees must transfer open tasks, critical deadlines and escalation contacts to the designated cover before planned absence. Customer personal data must remain in approved systems.","Employees must transfer open tasks, critical deadlines and escalation contacts to the designated cover before planned absence. Customer personal data must remain in approved systems.",True,Match,,8fdf130200824965a79733d30e4c06f9/p1-4.4,Covered,Review required
OM,R-63363D5F1647,"Employees may propose a simpler fallback step after a rehearsal, provided the proposal preserves privacy, traceability and independent approval.","Employees may propose a simpler fallback step after a rehearsal, provided the proposal preserves privacy, traceability and independent approval.",True,Match,,fbf2b8d8ccbf4468aaf55fce005135f5/p2-4.8,Covered,Review required
OM,R-65621E95FCDC,"Employees must declare any offered gift valued above PKR 1,000 to HR before accepting it. Cash and cash-equivalent gifts are prohibited at any value; splitting a gift does not avoid this rule.","Employees must declare any offered gift valued above PKR 1,000 to HR before accepting it. Cash and cash-equivalent gifts are prohibited at any value; splitting a gift does not avoid this rule.",True,Match,,73e1b29a357c41259bbdcc11a0632fa6/p1-4.1,Covered,Review required
OM,R-65EA6F1C62E2,"The Operations Manager must record reason, scope, compensating control, owner and expiry before approving a permitted process exception. An exception cannot waive a prohibition or requirement reserved to another authority.","The Operations Manager must record reason, scope, compensating control, owner and expiry before approving a permitted process exception. An exception cannot waive a prohibition or requirement reserved to another authority.",True,Match,,687a2afe8ed84fb4b4768e86f0d4259c/p1-4.2,Covered,Review required
OM,R-67BE00C0C731,"Assigned record owners must reconcile fallback entries within 1 working day of restoration, resolve mismatches and dispose of temporary copies according to POL-06 and POL-07.","Assigned record owners must reconcile fallback entries within 1 working day of restoration, resolve mismatches and dispose of temporary copies according to POL-06 and POL-07.",True,Match,,fbf2b8d8ccbf4468aaf55fce005135f5/p2-4.7,Covered,Review required
OM,R-6A27F9B64A77,Employees must use fictional or irreversibly anonymized customer examples in training and demonstrations. Replacing a name alone does not anonymize a record containing a real telephone number or address.,Employees must use fictional or irreversibly anonymized customer examples in training and demonstrations. Replacing a name alone does not anonymize a record containing a real telephone number or address.,True,Match,,29ae0ea0fd4848979e33a622147640f9/p2-4.5,Covered,Review required
OM,R-6A4D4713C188,Employees must obtain Managing Director approval before representing the company publicly or publishing customer-related material. Personal accounts must not disclose internal records.,Employees must obtain Managing Director approval before representing the company publicly or publishing customer-related material. Personal accounts must not disclose internal records.,True,Match,,73e1b29a357c41259bbdcc11a0632fa6/p2-4.7,Covered,Review required
OM,R-6AF4B1D576E8,"Employees must record actual events and must not fabricate delivery attempts, training completion, assessment results or approvals. Corrections must retain the original entry and the reason for amendment.","Employees must record actual events and must not fabricate delivery attempts, training completion, assessment results or approvals. Corrections must retain the original entry and the reason for amendment.",True,Match,,73e1b29a357c41259bbdcc11a0632fa6/p1-4.4,Covered,Review required
OM,R-77EA0AF82AE6,"Responders must preserve relevant logs, messages and event identifiers without modifying originals. Evidence access must be restricted to the response team and a preservation hold applied where necessary.","Responders must preserve relevant logs, messages and event identifiers without modifying originals. Evidence access must be restricted to the response team and a preservation hold applied where necessary.",True,Match,,5a6b00e4d96e4e7084b19fbabc414bc2/p2-4.5,Covered,Review required
OM,R-788101420862,"Employees must use the confidential HR channel to report misconduct. If the concern involves HR, the report must go directly to the Managing Director.","Employees must use the confidential HR channel to report misconduct. If the concern involves HR, the report must go directly to the Managing Director.",True,Match,,73e1b29a357c41259bbdcc11a0632fa6/p2-4.5,Covered,Review required
OM,R-796BDA01E379,"Employees must obtain recorded approval before taking planned leave. Submission alone is not approval, and employees must not approve their own request.","Employees must obtain recorded approval before taking planned leave. Submission alone is not approval, and employees must not approve their own request.",True,Match,,8fdf130200824965a79733d30e4c06f9/p1-4.2,Covered,Review required
OM,R-7ABC2572F614,Employees may select an optional development topic after agreeing the time allocation with their manager; optional learning must not delay mandatory training.,Employees may select an optional development topic after agreeing the time allocation with their manager; optional learning must not delay mandatory training.,True,Match,,8befbcac4db04e0a8e829c57dcdd2170/p2-4.8,Covered,Review required
OM,R-8058E7727365,The Operations Manager must assign an owner and due date to corrective actions and verify effectiveness before closure. Overdue actions must be escalated to the Managing Director.,The Operations Manager must assign an owner and due date to corrective actions and verify effectiveness before closure. Overdue actions must be escalated to the Managing Director.,True,Match,,687a2afe8ed84fb4b4768e86f0d4259c/p2-4.7,Covered,Review required
OM,R-80EBF00AEAAB,Employees must transfer personal data only through approved company systems to authorized recipients. Personal messaging accounts and publicly accessible links are prohibited.,Employees must transfer personal data only through approved company systems to authorized recipients. Personal messaging accounts and publicly accessible links are prohibited.,True,Match,,29ae0ea0fd4848979e33a622147640f9/p1-4.4,Covered,Review required
OM,R-856AAFA35458,Record owners must retain routine delivery-event records for 180 calendar days after case closure. A documented preservation hold overrides routine deletion until the hold is formally released.,Record owners must retain routine delivery-event records for 180 calendar days after case closure. A documented preservation hold overrides routine deletion until the hold is formally released.,True,Match,,8a073cad84ed4b08a2f7cef3f4db050b/p1-4.1,Covered,Review required
OM,R-8BA18FD38761,Employees must refer records with no applicable retention category to the Operations Manager before deletion. They must not infer a deadline from an unrelated record type.,Employees must refer records with no applicable retention category to the Operations Manager before deletion. They must not infer a deadline from an unrelated record type.,True,Match,,8a073cad84ed4b08a2f7cef3f4db050b/p2-4.7,Covered,Review required
OM,R-8F2800010EB4,Teams are encouraged to rehearse one incident scenario each month and document a specific improvement to the response procedure.,Teams are encouraged to rehearse one incident scenario each month and document a specific improvement to the response procedure.,True,Match,,5a6b00e4d96e4e7084b19fbabc414bc2/p2-4.8,Covered,Review required
OM,R-90FF05CBE79C,"HR must assign an onboarding plan based on role, experience, location and applicable requirements. Prior experience may change practice difficulty but must not remove mandatory acknowledgements.","HR must assign an onboarding plan based on role, experience, location and applicable requirements. Prior experience may change practice difficulty but must not remove mandatory acknowledgements.",True,Match,,8befbcac4db04e0a8e829c57dcdd2170/p1-4.2,Covered,Review required
OM,R-921011B44D9A,Employees must access and collect only the customer fields needed for an assigned task. Full identity documents must not be requested for routine parcel tracking.,Employees must access and collect only the customer fields needed for an assigned task. Full identity documents must not be requested for routine parcel tracking.,True,Match,,29ae0ea0fd4848979e33a622147640f9/p1-4.2,Covered,Review required
OM,R-9219901BB6BC,"The first available responder must create an incident record containing observed facts, discovery time, affected services and initial actions. Speculation must be labelled and credentials must be excluded.","The first available responder must create an incident record containing observed facts, discovery time, affected services and initial actions. Speculation must be labelled and credentials must be excluded.",True,Match,,5a6b00e4d96e4e7084b19fbabc414bc2/p1-4.3,Covered,Review required
OM,R-97784A35A8C5,"During an activated continuity event, the incident lead must issue an internal status checkpoint at least every 30 elapsed minutes until normal service resumes. A checkpoint must state current impact, owner and next update time.","During an activated continuity event, the incident lead must issue an internal status checkpoint at least every 30 elapsed minutes until normal service resumes. A checkpoint must state current impact, owner and next update time.",True,Match,,fbf2b8d8ccbf4468aaf55fce005135f5/p1-4.1,Covered,Review required
OM,R-9DDB4F577CF4,"Record owners must correct errors through an auditable amendment recording author, time and reason. Original transaction values must not be overwritten without history.","Record owners must correct errors through an auditable amendment recording author, time and reason. Original transaction values must not be overwritten without history.",True,Match,,8a073cad84ed4b08a2f7cef3f4db050b/p1-4.4,Covered,Review required
OM,R-A9DAFEDE9F59,"Employees must activate multifactor authentication before accessing email, remote access or systems holding customer records. IT must provide an approved recovery method rather than disabling the requirement.","Employees must activate multifactor authentication before accessing email, remote access or systems holding customer records. IT must provide an approved recovery method rather than disabling the requirement.",True,Match,,a74212e00516450eb8f093cdf4ba9261/p1-4.3,Covered,Review required
OM,R-A58C9C4E3A41,Employees must pause the affected activity and ask the document owner when two equally authoritative instructions conflict or a necessary limit is missing. The owner must record the resolution before work resumes.,Employees must pause the affected activity and ask the document owner when two equally authoritative instructions conflict or a necessary limit is missing. The owner must record the resolution before work resumes.,True,Match,,a30d6e8951e441a993e8caf97aac6c92/p2-4.7,Covered,Review required
OM,R-A93A8597F48D,"Managers must confirm required operational coverage before approving concurrent absences. If coverage cannot be arranged, the manager must record the reason and discuss alternative dates.","Managers must confirm required operational coverage before approving concurrent absences. If coverage cannot be arranged, the manager must record the reason and discuss alternative dates.",True,Match,,8fdf130200824965a79733d30e4c06f9/p2-4.6,Covered,Review required
OM,R-A79CA2D2BCA4,Employees are encouraged to discuss anticipated leave early so teams can plan coverage before a formal request is submitted.,Employees are encouraged to discuss anticipated leave early so teams can plan coverage before a formal request is submitted.,True,Match,,8fdf130200824965a79733d30e4c06f9/p2-4.8,Covered,Review required
OM,R-AA84E1E90787,"The Operations Manager must acknowledge critical escalations, appoint an incident lead and coordinate recovery under POL-09 and POL-10. Delegation does not remove oversight responsibility.","The Operations Manager must acknowledge critical escalations, appoint an incident lead and coordinate recovery under POL-09 and POL-10. Delegation does not remove oversight responsibility.",True,Match,,687a2afe8ed84fb4b4768e86f0d4259c/p1-4.4,Covered,Review required
OM,R-ABF97164BFCF,"Record owners must use approved disposal methods and retain a disposal log identifying category, date range, authorization and completion date. Disposal must not expose readable personal data.","Record owners must use approved disposal methods and retain a disposal log identifying category, date range, authorization and completion date. Disposal must not expose readable personal data.",True,Match,,8a073cad84ed4b08a2f7cef3f4db050b/p2-4.6,Covered,Review required
OM,R-ADA24F6C14A0,"The Operations Manager must review mandatory learning, practical evidence and unresolved gaps before authorizing independent restricted work. A completed checklist with missing evidence must be rejected.","The Operations Manager must review mandatory learning, practical evidence and unresolved gaps before authorizing independent restricted work. A completed checklist with missing evidence must be rejected.",True,Match,,687a2afe8ed84fb4b4768e86f0d4259c/p2-4.5,Covered,Review required
OM,R-AE0187016E1F,"Employees must disclose a personal or financial relationship with a merchant or supplier before participating in its selection, payment or complaint decision. The manager must assign an independent decision-maker.","Employees must disclose a personal or financial relationship with a merchant or supplier before participating in its selection, payment or complaint decision. The manager must assign an independent decision-maker.",True,Match,,73e1b29a357c41259bbdcc11a0632fa6/p1-4.3,Covered,Review required
OM,R-B491BB779BFC,Employees are encouraged to suggest improvements to workstation layout or parcel movement after discussing them with the supervisor.,Employees are encouraged to suggest improvements to workstation layout or parcel movement after discussing them with the supervisor.,True,Match,,727e0064e34d4dae893833f832bc8b10/p2-4.8,Covered,Review required
OM,R-C0183A0DD53E,Reviewers must verify required evidence before recording completion. Reading a module alone does not demonstrate practical competence or substitute for a required policy acknowledgement.,Reviewers must verify required evidence before recording completion. Reading a module alone does not demonstrate practical competence or substitute for a required policy acknowledgement.,True,Match,,8befbcac4db04e0a8e829c57dcdd2170/p2-4.6,Covered,Review required
OM,R-C536107E2F1C,Employees must record near misses even when no injury or damage occurs. The supervisor must assign a corrective action owner and verify completion.,Employees must record near misses even when no injury or damage occurs. The supervisor must assign a corrective action owner and verify completion.,True,Match,,727e0064e34d4dae893833f832bc8b10/p2-4.7,Covered,Review required
OM,R-CACCDCA035FC,"HR must record each employee role, department, joining date and reporting manager before assigning onboarding. A temporary role change requires a recorded start date, end date and additional requirements.","HR must record each employee role, department, joining date and reporting manager before assigning onboarding. A temporary role change requires a recorded start date, end date and additional requirements.",True,Match,,a30d6e8951e441a993e8caf97aac6c92/p2-4.5,Covered,Review required
OM,R-D16EC2F883DD,"The Operations Manager must identify affected requirements, learners and operational records before approving a policy revision. Affected training must be reviewed and stale content withheld from new assignment.","The Operations Manager must identify affected requirements, learners and operational records before approving a policy revision. Affected training must be reviewed and stale content withheld from new assignment.",True,Match,,687a2afe8ed84fb4b4768e86f0d4259c/p2-4.6,Covered,Review required
OM,R-D1ACEA25E7B8,The incident lead must obtain an IT health check and an operational sample check before declaring normal service restored. A login screen alone is not evidence of end-to-end recovery.,The incident lead must obtain an IT health check and an operational sample check before declaring normal service restored. A login screen alone is not evidence of end-to-end recovery.,True,Match,,fbf2b8d8ccbf4468aaf55fce005135f5/p2-4.6,Covered,Review required
OM,R-D2368CFD2806,Employees must obtain IT approval before installing software or browser extensions on company devices. IT must verify business purpose and permitted access before approval.,Employees must obtain IT approval before installing software or browser extensions on company devices. IT must verify business purpose and permitted access before approval.,True,Match,,a74212e00516450eb8f093cdf4ba9261/p2-4.6,Covered,Review required
OM,R-D460F8370B7B,Employees entering marked warehouse handling zones must wear the posted protective equipment. The supervisor must stop the task if suitable equipment is unavailable.,Employees entering marked warehouse handling zones must wear the posted protective equipment. The supervisor must stop the task if suitable equipment is unavailable.,True,Match,,727e0064e34d4dae893833f832bc8b10/p1-4.4,Covered,Review required
OM,R-D61B18CC5452,"Employees must store API keys and service credentials only in approved secret storage and must not include them in source repositories, screenshots, training examples or support tickets.","Employees must store API keys and service credentials only in approved secret storage and must not include them in source repositories, screenshots, training examples or support tickets.",True,Match,,a74212e00516450eb8f093cdf4ba9261/p2-4.7,Covered,Review required
OM,R-DCBEFFCDEA97,Only the incident lead or a designated spokesperson may issue incident updates to merchants or customers. Updates must distinguish confirmed impact from investigation assumptions.,Only the incident lead or a designated spokesperson may issue incident updates to merchants or customers. Updates must distinguish confirmed impact from investigation assumptions.,True,Match,,5a6b00e4d96e4e7084b19fbabc414bc2/p2-4.6,Covered,Review required
OM,R-DE731D4155C3,"Employees may suggest removal of unnecessary personal-data fields from forms, reports or dashboards to the relevant process owner.","Employees may suggest removal of unnecessary personal-data fields from forms, reports or dashboards to the relevant process owner.",True,Match,,29ae0ea0fd4848979e33a622147640f9/p2-4.8,Covered,Review required
OM,R-E8193BEEB971,"Employees must classify an incident as critical when it involves immediate physical danger, suspected exposure of customer data or complete loss of dispatch capability. Where severity is uncertain, they must escalate as critical pending review.","Employees must classify an incident as critical when it involves immediate physical danger, suspected exposure of customer data or complete loss of dispatch capability. Where severity is uncertain, they must escalate as critical pending review.",True,Match,,5a6b00e4d96e4e7084b19fbabc414bc2/p1-4.2,Covered,Review required
OM,R-EA705EEC6E14,"The Operations Manager may rank employee suggestions monthly by expected benefit, effort and measurable outcome before selecting a pilot.","The Operations Manager may rank employee suggestions monthly by expected benefit, effort and measurable outcome before selecting a pilot.",True,Match,,687a2afe8ed84fb4b4768e86f0d4259c/p2-4.8,Covered,Review required
OM,R-ED681FEEAECA,Employees must check shipment and transaction identifiers before entering recovered work into the restored system. Potential duplicates must be held for review rather than posted again.,Employees must check shipment and transaction identifiers before entering recovered work into the restored system. Potential duplicates must be held for review rather than posted again.,True,Match,,fbf2b8d8ccbf4468aaf55fce005135f5/p2-4.5,Covered,Review required
OM,R-EF92A576A545,"Training managers must distribute learning across Day 1, Week 1, Week 2 and First 30 Days. Mandatory operational deadlines and prerequisites take priority over a convenient stage label.","Training managers must distribute learning across Day 1, Week 1, Week 2 and First 30 Days. Mandatory operational deadlines and prerequisites take priority over a convenient stage label.",True,Match,,8befbcac4db04e0a8e829c57dcdd2170/p1-4.3,Covered,Review required
OM,R-F0DD273F245B,Employees must report a non-urgent safety concern before the end of the current shift. An immediate danger requires stopping the activity and alerting the shift supervisor at once.,Employees must report a non-urgent safety concern before the end of the current shift. An immediate danger requires stopping the activity and alerting the shift supervisor at once.,True,Match,,727e0064e34d4dae893833f832bc8b10/p1-4.1,Covered,Review required
OM,R-F2B0834EAC46,HR must restrict medical or other sensitive absence details to authorized People Operations staff. Operational managers receive only information needed to arrange work.,HR must restrict medical or other sensitive absence details to authorized People Operations staff. Operational managers receive only information needed to arrange work.,True,Match,,8fdf130200824965a79733d30e4c06f9/p2-4.7,Covered,Review required
OM,R-F5F5437807FF,"The Operations Manager must identify scope, owner and start date when issuing a preservation hold. Record owners must suspend scheduled deletion for the named records until written release.","The Operations Manager must identify scope, owner and start date when issuing a preservation hold. Record owners must suspend scheduled deletion for the named records until written release.",True,Match,,8a073cad84ed4b08a2f7cef3f4db050b/p2-4.5,Covered,Review required
OM,R-F7193D95C1AD,Employees are encouraged to arrange a weekly discussion with an experienced colleague during the first month to clarify workflows and identify useful practice.,Employees are encouraged to arrange a weekly discussion with an experienced colleague during the first month to clarify workflows and identify useful practice.,True,Match,,a30d6e8951e441a993e8caf97aac6c92/p2-4.8,Covered,Review required
OM,R-FB974B986599,"The incident lead must record recovery evidence, outstanding risks and corrective action owners before closure. The Operations Manager must review critical incidents within 2 working days after restoration.","The incident lead must record recovery evidence, outstanding risks and corrective action owners before closure. The Operations Manager must review critical incidents within 2 working days after restoration.",True,Match,,5a6b00e4d96e4e7084b19fbabc414bc2/p2-4.7,Covered,Review required
OM,R-FF0FD20BF415,Employees must complete core orientation within 2 working days of joining. HR must schedule a replacement session within that deadline if the original session is cancelled.,Employees must complete core orientation within 2 working days of joining. HR must schedule a replacement session within that deadline if the original session is cancelled.,True,Match,,8befbcac4db04e0a8e829c57dcdd2170/p1-4.1,Covered,Review required
OM,R-FC2BF34B9517,Employees must use individually assigned accounts and must not share passwords or authentication codes. Service accounts require a named IT owner and must not be used for routine interactive work.,Employees must use individually assigned accounts and must not share passwords or authentication codes. Service accounts require a named IT owner and must not be used for routine interactive work.,True,Match,,a74212e00516450eb8f093cdf4ba9261/p1-4.2,Covered,Review required
OM,R-FDB3D0561A1B,"Employees must follow the latest effective approved policy, then the applicable SOP, then an approved role guide, then an FAQ. A lower-authority document cannot override a policy; unresolved conflicts go to the policy owner before action.","Employees must follow the latest effective approved policy, then the applicable SOP, then an approved role guide, then an FAQ. A lower-authority document cannot override a policy; unresolved conflicts go to the policy owner before action.",True,Match,,a30d6e8951e441a993e8caf97aac6c92/p1-4.2,Covered,Review required
OM,R-FE4A4F93E455,Employees must notify the duty Operations Manager within 15 elapsed minutes of discovering a critical incident. Immediate emergency or containment actions must not wait for a ticket; the notification record must follow as soon as practical.,Employees must notify the duty Operations Manager within 15 elapsed minutes of discovering a critical incident. Immediate emergency or containment actions must not wait for a ticket; the notification record must follow as soon as practical.,True,Match,,5a6b00e4d96e4e7084b19fbabc414bc2/p1-4.1,Covered,Review required
